INFRA_DEPLOY	ONLY_R35L31	.github/workflows/ci.yml
INFRA_DEPLOY	ONLY_R35L31	.github/workflows/pwa.yml
INFRA_DEPLOY	ONLY_R35L31	backend/api/incident_core.py
INFRA_DEPLOY	ONLY_R35L31	backend/api/security_incident_protocol.py
INFRA_DEPLOY	ONLY_R35L31	backend/services/incident_core.py
INFRA_DEPLOY	ONLY_R35L31	backend/services/security_incident_protocol.py
INFRA_DEPLOY	ONLY_R35L31	backend/tests/test_incident_core.py
INFRA_DEPLOY	ONLY_R35L31	backend/tests/test_security_incident_protocol.py
INFRA_DEPLOY	ONLY_R35L31	docs/KILTIKONET_KLT0002_LEGACY_CANONICAL_RECONCILIATION.md
INFRA_DEPLOY	ONLY_R35L31	docs/KILTIKONET_KLT0008_KLT06_08_CONTEXT_AND_SCOPE_DECISION.md
INFRA_DEPLOY	ONLY_R35L31	docs/bci/BCI_X_BRIDGE_NOTE.md
INFRA_DEPLOY	ONLY_R35L31	docs/bci/BLOCKED_CANDIDATES.md
INFRA_DEPLOY	ONLY_R35L31	docs/bci/QUALITY_GATES.md
INFRA_DEPLOY	ONLY_R35L31	docs/bci/README.md
INFRA_DEPLOY	ONLY_R35L31	docs/bci/external/bci01_30/REFERENTIAL.md
INFRA_DEPLOY	ONLY_R35L31	docs/bci/external/bci01_30/bci03/ASSESSMENT_AND_RUBRIC.md
INFRA_DEPLOY	ONLY_R35L31	docs/bci/external/bci01_30/bci03/BANQUE_N1.md
INFRA_DEPLOY	ONLY_R35L31	docs/bci/external/bci01_30/bci03/BANQUE_N2.md
INFRA_DEPLOY	ONLY_R35L31	docs/bci/external/bci01_30/bci03/EVIDENCE_MODEL.md
INFRA_DEPLOY	ONLY_R35L31	docs/bci/external/bci01_30/bci03/GUIDE_CANDIDAT.md
INFRA_DEPLOY	ONLY_R35L31	docs/bci/external/bci01_30/bci03/GUIDE_CORRECTEUR.md
INFRA_DEPLOY	ONLY_R35L31	docs/bci/external/bci01_30/bci03/GUIDE_JURY.md
INFRA_DEPLOY	ONLY_R35L31	docs/bci/external/bci01_30/bci03/INTEGRATION_NOTE.md
INFRA_DEPLOY	ONLY_R35L31	docs/bci/external/bci01_30/bci03/REFERENTIAL.md
INFRA_DEPLOY	ONLY_R35L31	docs/bci/external/tok01_15/REFERENTIAL.md
INFRA_DEPLOY	ONLY_R35L31	docs/say/SAY_SPECIALIZE_EXISTING_NOTES.md
DOCS_CONFIG	ONLY_R35L31	AGENTS.md
DOCS_CONFIG	ONLY_R35L31	docs/ACADEMY_ACA0004_DELIVERY_ARCHITECTURE_TRUTH_REPORT.md
DOCS_CONFIG	ONLY_R35L31	docs/ACADEMY_ACA0006_0019_0020_TERMINAL_STATE_REPORT.md
DOCS_CONFIG	ONLY_R35L31	docs/ACADEMY_ACA0010_HERO_ENTRY_REPORT.md
DOCS_CONFIG	ONLY_R35L31	docs/ACADEMY_ACA0011_IDENTITY_ENTRY_REPORT.md
DOCS_CONFIG	ONLY_R35L31	docs/ACADEMY_ACA0013_ACTIVATION_FIRST_VALUE_REPORT.md
DOCS_CONFIG	ONLY_R35L31	docs/ACADEMY_ACA0014_BADGES_H1_STEP4_REPORT.md
DOCS_CONFIG	ONLY_R35L31	docs/ACADEMY_ACA0014_MISSIONS_FREK_H1_STEP4_REPORT.md
DOCS_CONFIG	ONLY_R35L31	docs/ACADEMY_ACA0015_CAMERA_REVEALING_REPORT.md
DOCS_CONFIG	ONLY_R35L31	docs/ACADEMY_ACA0015_ROUTING_CONTINUITY_REPORT.md
DOCS_CONFIG	ONLY_R35L31	docs/ACADEMY_ACA0017_ATTENTION_OCCLUSION_CLOSURE_REPORT.md
DOCS_CONFIG	ONLY_R35L31	docs/ACADEMY_ACA0018_AUDIO_HAPTICS_CALIBRATION_REPORT.md
DOCS_CONFIG	ONLY_R35L31	docs/ACADEMY_ACA0020_ASSESSMENT_CHAIN_FMS_SPEC_REPORT.md
DOCS_CONFIG	ONLY_R35L31	docs/ACADEMY_ACA0020_ASSESSMENT_CHAIN_FRK_REPORT.md
DOCS_CONFIG	ONLY_R35L31	docs/ACADEMY_ACA0020_ASSESSMENT_CHAIN_KLT_REPORT.md
DOCS_CONFIG	ONLY_R35L31	docs/ACADEMY_ACA0020_ASSESSMENT_CHAIN_KOR_REPORT.md
DOCS_CONFIG	ONLY_R35L31	docs/ACADEMY_ACA0023_RAIL_FOCUS_RESTORATION_REPORT.md
DOCS_CONFIG	ONLY_R35L31	docs/ACADEMY_ACA0026_PAYMENT_FUNDING_RUNTIME_REPORT.md
DOCS_CONFIG	ONLY_R35L31	docs/ACADEMY_ACA0027_PROGRESSIVE_HORIZON_REPORT.md
DOCS_CONFIG	ONLY_R35L31	docs/ACADEMY_ACA0028_PROFESSIONAL_IDENTITY_SURFACE_REPORT.md
DOCS_CONFIG	ONLY_R35L31	docs/ACADEMY_ACA0029_ECOSYSTEM_HANDOFFS_REPORT.md
DOCS_CONFIG	ONLY_R35L31	docs/ACADEMY_ACA0030_ECOSYSTEM_BUILDER_REPORT.md
DOCS_CONFIG	ONLY_R35L31	docs/ACADEMY_ACA0031_E2E_REGRESSION_GATE_REPORT.md
DOCS_CONFIG	ONLY_R35L31	docs/ACADEMY_FMS_CANONICAL_RUNTIME_BINDING_REPORT.md
DOCS_CONFIG	ONLY_R35L31	docs/ACADEMY_KLT_CANONICAL_RUNTIME_BINDING_REPORT.md
DOCS_CONFIG	ONLY_R35L31	docs/ACADEMY_RAIL1_FMS_PARITY_COMPARISON.md
DOCS_CONFIG	ONLY_R35L31	docs/ACADEMY_RAIL2_MASTER_RUNTIME_INTEGRATION_REPORT.md
DOCS_CONFIG	ONLY_R35L31	docs/ACADEMY_RAIL4_CAMERA_INTENT_REPORT.md
DOCS_CONFIG	ONLY_R35L31	docs/ACADEMY_RAIL5_MODULE_JOURNEY_ENGINE_REPORT.md
DOCS_CONFIG	ONLY_R35L31	docs/CVLN_ACADEMY_GOVERNANCE_PROTOCOLS_V1.md
DOCS_CONFIG	ONLY_R35L31	docs/KILTIKONET_KLT0001_CANONICAL_EDUCATION_MAP.md
DOCS_CONFIG	ONLY_R35L31	docs/KILTIKONET_KLT0003_KLT01_CANONICAL_REFERENTIAL.md
DOCS_CONFIG	ONLY_R35L31	docs/KILTIKONET_KLT0004_KLT01_PEDAGOGICAL_BUILD_REPORT.md
DOCS_CONFIG	ONLY_R35L31	docs/KILTIKONET_KLT0005_KLT06_CANONICAL_REFERENTIAL.md
DOCS_CONFIG	ONLY_R35L31	docs/KILTIKONET_KLT0006_KLT07_CANONICAL_REFERENTIAL.md
DOCS_CONFIG	ONLY_R35L31	docs/KILTIKONET_KLT0007_KLT08_CANONICAL_REFERENTIAL.md
DOCS_CONFIG	ONLY_R35L31	docs/KILTIKONET_KLT0009_KLT11_BUILD_REPORT.md
DOCS_CONFIG	ONLY_R35L31	docs/KILTIKONET_MASTER_PACKAGE_V1_REPORT.md
DOCS_CONFIG	ONLY_R35L31	docs/V1_INTEGRATION_PROVENANCE.md
DOCS_CONFIG	ONLY_R35L31	docs/ceo/QUALITY_GATES.md
DOCS_CONFIG	ONLY_R35L31	docs/ceo/README.md
DOCS_CONFIG	ONLY_R35L31	docs/ceo/external/ceo01_12/REFERENTIAL.md
DOCS_CONFIG	ONLY_R35L31	docs/cyb/BLOCKED_CANDIDATES.md
DOCS_CONFIG	ONLY_R35L31	docs/cyb/EXTEND_EXISTING_NOTE.md
DOCS_CONFIG	ONLY_R35L31	docs/cyb/QUALITY_GATES.md
DOCS_CONFIG	ONLY_R35L31	docs/cyb/README.md
DOCS_CONFIG	ONLY_R35L31	docs/cyb/external/cyb01_30/REFERENTIAL.md
DOCS_CONFIG	ONLY_R35L31	docs/cyb/internal/cyb32/ASSESSMENT_AND_RUBRIC.md
DOCS_CONFIG	ONLY_R35L31	docs/cyb/internal/cyb32/BANQUE_N1.md
DOCS_CONFIG	ONLY_R35L31	docs/cyb/internal/cyb32/BANQUE_N2.md
DOCS_CONFIG	ONLY_R35L31	docs/cyb/internal/cyb32/EVIDENCE_MODEL.md
DOCS_CONFIG	ONLY_R35L31	docs/cyb/internal/cyb32/GUIDE_CANDIDAT.md
DOCS_CONFIG	ONLY_R35L31	docs/cyb/internal/cyb32/GUIDE_CORRECTEUR.md
DOCS_CONFIG	ONLY_R35L31	docs/cyb/internal/cyb32/GUIDE_JURY.md
DOCS_CONFIG	ONLY_R35L31	docs/cyb/internal/cyb32/INTEGRATION_NOTE.md
DOCS_CONFIG	ONLY_R35L31	docs/cyb/internal/cyb32/REFERENTIAL.md
DOCS_CONFIG	ONLY_R35L31	docs/fdc/BLOCKED_CANDIDATES.md
DOCS_CONFIG	ONLY_R35L31	docs/fdc/FDC_X_BRIDGE_NOTE.md
DOCS_CONFIG	ONLY_R35L31	docs/fdc/NEEDS_EXPERT_REVIEW.md
DOCS_CONFIG	ONLY_R35L31	docs/fdc/QUALITY_GATES.md
DOCS_CONFIG	ONLY_R35L31	docs/fdc/README.md
DOCS_CONFIG	ONLY_R35L31	docs/fdc/external/fdc_heritage/REFERENTIAL.md
DOCS_CONFIG	ONLY_R35L31	docs/fdc/external/fdc_heritage/fdc01/ASSESSMENT_AND_RUBRIC.md
DOCS_CONFIG	ONLY_R35L31	docs/fdc/external/fdc_heritage/fdc01/BANQUE_N1.md
DOCS_CONFIG	ONLY_R35L31	docs/fdc/external/fdc_heritage/fdc01/BANQUE_N2.md
DOCS_CONFIG	ONLY_R35L31	docs/fdc/external/fdc_heritage/fdc01/EVIDENCE_MODEL.md
DOCS_CONFIG	ONLY_R35L31	docs/fdc/external/fdc_heritage/fdc01/GUIDE_CANDIDAT.md
DOCS_CONFIG	ONLY_R35L31	docs/fdc/external/fdc_heritage/fdc01/GUIDE_CORRECTEUR.md
DOCS_CONFIG	ONLY_R35L31	docs/fdc/external/fdc_heritage/fdc01/GUIDE_JURY.md
DOCS_CONFIG	ONLY_R35L31	docs/fdc/external/fdc_heritage/fdc01/INTEGRATION_NOTE.md
DOCS_CONFIG	ONLY_R35L31	docs/fdc/external/fdc_heritage/fdc01/REFERENTIAL.md
DOCS_CONFIG	ONLY_R35L31	docs/gcf/BLOCKED_CANDIDATES.md
DOCS_CONFIG	ONLY_R35L31	docs/gcf/GCF_X_BRIDGE_NOTE.md
DOCS_CONFIG	ONLY_R35L31	docs/gcf/QUALITY_GATES.md
DOCS_CONFIG	ONLY_R35L31	docs/gcf/README.md
DOCS_CONFIG	ONLY_R35L31	docs/gcf/external/gcf01_18/REFERENTIAL.md
DOCS_CONFIG	ONLY_R35L31	docs/grp/BLOCKED_CANDIDATES.md
DOCS_CONFIG	ONLY_R35L31	docs/grp/GRP_GAP_NOTE.md
DOCS_CONFIG	ONLY_R35L31	docs/grp/NEEDS_EXPERT_REVIEW.md
DOCS_CONFIG	ONLY_R35L31	docs/grp/QUALITY_GATES.md
DOCS_CONFIG	ONLY_R35L31	docs/grp/README.md
DOCS_CONFIG	ONLY_R35L31	docs/grp/external/grp_general/REFERENTIAL.md
DOCS_CONFIG	ONLY_R35L31	docs/grp/external/grp_general/grp_ext_01/ASSESSMENT_AND_RUBRIC.md
DOCS_CONFIG	ONLY_R35L31	docs/grp/external/grp_general/grp_ext_01/BANQUE_N1.md
DOCS_CONFIG	ONLY_R35L31	docs/grp/external/grp_general/grp_ext_01/BANQUE_N2.md
DOCS_CONFIG	ONLY_R35L31	docs/grp/external/grp_general/grp_ext_01/EVIDENCE_MODEL.md
DOCS_CONFIG	ONLY_R35L31	docs/grp/external/grp_general/grp_ext_01/GUIDE_CANDIDAT.md
DOCS_CONFIG	ONLY_R35L31	docs/grp/external/grp_general/grp_ext_01/GUIDE_CORRECTEUR.md
DOCS_CONFIG	ONLY_R35L31	docs/grp/external/grp_general/grp_ext_01/GUIDE_JURY.md
DOCS_CONFIG	ONLY_R35L31	docs/grp/external/grp_general/grp_ext_01/INTEGRATION_NOTE.md
DOCS_CONFIG	ONLY_R35L31	docs/grp/external/grp_general/grp_ext_01/REFERENTIAL.md
DOCS_CONFIG	ONLY_R35L31	docs/hos/HOS_GAP_NOTE.md
DOCS_CONFIG	ONLY_R35L31	docs/hos/QUALITY_GATES.md
DOCS_CONFIG	ONLY_R35L31	docs/hos/README.md
DOCS_CONFIG	ONLY_R35L31	docs/hos/external/hos01_30/REFERENTIAL.md
DOCS_CONFIG	ONLY_R35L31	docs/hos/external/hos01_30/hos02/ASSESSMENT_AND_RUBRIC.md
DOCS_CONFIG	ONLY_R35L31	docs/hos/external/hos01_30/hos02/BANQUE_N1.md
DOCS_CONFIG	ONLY_R35L31	docs/hos/external/hos01_30/hos02/BANQUE_N2.md
DOCS_CONFIG	ONLY_R35L31	docs/hos/external/hos01_30/hos02/EVIDENCE_MODEL.md
DOCS_CONFIG	ONLY_R35L31	docs/hos/external/hos01_30/hos02/GUIDE_CANDIDAT.md
DOCS_CONFIG	ONLY_R35L31	docs/hos/external/hos01_30/hos02/GUIDE_CORRECTEUR.md
DOCS_CONFIG	ONLY_R35L31	docs/hos/external/hos01_30/hos02/GUIDE_JURY.md
DOCS_CONFIG	ONLY_R35L31	docs/hos/external/hos01_30/hos02/INTEGRATION_NOTE.md
DOCS_CONFIG	ONLY_R35L31	docs/hos/external/hos01_30/hos02/REFERENTIAL.md
DOCS_CONFIG	ONLY_R35L31	docs/los/BLOCKED_CANDIDATES.md
DOCS_CONFIG	ONLY_R35L31	docs/los/LOS_X_BRIDGE_INDEX.md
DOCS_CONFIG	ONLY_R35L31	docs/los/QUALITY_GATES.md
DOCS_CONFIG	ONLY_R35L31	docs/los/README.md
DOCS_CONFIG	ONLY_R35L31	docs/los/external/los01_14/REFERENTIAL.md
DOCS_CONFIG	ONLY_R35L31	docs/los/external/los01_14/los_ext_03/ASSESSMENT_AND_RUBRIC.md
DOCS_CONFIG	ONLY_R35L31	docs/los/external/los01_14/los_ext_03/BANQUE_N1.md
DOCS_CONFIG	ONLY_R35L31	docs/los/external/los01_14/los_ext_03/BANQUE_N2.md
DOCS_CONFIG	ONLY_R35L31	docs/los/external/los01_14/los_ext_03/EVIDENCE_MODEL.md
DOCS_CONFIG	ONLY_R35L31	docs/los/external/los01_14/los_ext_03/GUIDE_CANDIDAT.md
DOCS_CONFIG	ONLY_R35L31	docs/los/external/los01_14/los_ext_03/GUIDE_CORRECTEUR.md
DOCS_CONFIG	ONLY_R35L31	docs/los/external/los01_14/los_ext_03/GUIDE_JURY.md
DOCS_CONFIG	ONLY_R35L31	docs/los/external/los01_14/los_ext_03/INTEGRATION_NOTE.md
DOCS_CONFIG	ONLY_R35L31	docs/los/external/los01_14/los_ext_03/REFERENTIAL.md
DOCS_CONFIG	ONLY_R35L31	docs/say/QUALITY_GATES.md
DOCS_CONFIG	ONLY_R35L31	docs/say/README.md
DOCS_CONFIG	ONLY_R35L31	docs/say/SAY_MERGE_NOTE.md
DOCS_CONFIG	ONLY_R35L31	docs/say/external/say_new/REFERENTIAL.md
DOCS_CONFIG	ONLY_R35L31	docs/say/external/say_new/say19/ASSESSMENT_AND_RUBRIC.md
DOCS_CONFIG	ONLY_R35L31	docs/say/external/say_new/say19/BANQUE_N1.md
DOCS_CONFIG	ONLY_R35L31	docs/say/external/say_new/say19/BANQUE_N2.md
DOCS_CONFIG	ONLY_R35L31	docs/say/external/say_new/say19/EVIDENCE_MODEL.md
DOCS_CONFIG	ONLY_R35L31	docs/say/external/say_new/say19/GUIDE_CANDIDAT.md
DOCS_CONFIG	ONLY_R35L31	docs/say/external/say_new/say19/GUIDE_CORRECTEUR.md
DOCS_CONFIG	ONLY_R35L31	docs/say/external/say_new/say19/GUIDE_JURY.md
DOCS_CONFIG	ONLY_R35L31	docs/say/external/say_new/say19/INTEGRATION_NOTE.md
DOCS_CONFIG	ONLY_R35L31	docs/say/external/say_new/say19/REFERENTIAL.md
DOCS_CONFIG	ONLY_R35L31	docs/say/say_lab/ASSESSMENT_AND_RUBRIC.md
DOCS_CONFIG	ONLY_R35L31	docs/say/say_lab/BANQUE_N1.md
DOCS_CONFIG	ONLY_R35L31	docs/say/say_lab/BANQUE_N2.md
DOCS_CONFIG	ONLY_R35L31	docs/say/say_lab/EVIDENCE_MODEL.md
DOCS_CONFIG	ONLY_R35L31	docs/say/say_lab/GUIDE_CANDIDAT.md
DOCS_CONFIG	ONLY_R35L31	docs/say/say_lab/GUIDE_CORRECTEUR.md
DOCS_CONFIG	ONLY_R35L31	docs/say/say_lab/GUIDE_JURY.md
DOCS_CONFIG	ONLY_R35L31	docs/say/say_lab/INTEGRATION_NOTE.md
DOCS_CONFIG	ONLY_R35L31	docs/say/say_lab/REFERENTIAL.md
DOCS_CONFIG	ONLY_R35L31	docs/xcv/BLOCKED_CANDIDATES.md
DOCS_CONFIG	ONLY_R35L31	docs/xcv/QUALITY_GATES.md
DOCS_CONFIG	ONLY_R35L31	docs/xcv/README.md
DOCS_CONFIG	ONLY_R35L31	docs/xcv/XCV_FOUNDATIONAL_FRAMING_NOTES.md
DOCS_CONFIG	ONLY_R35L31	docs/xcv/XCV_INTELLIGENT_OPS_MERGE_NOTE.md
DOCS_CONFIG	ONLY_R35L31	docs/xcv/XCV_PIPELINE_STAGES_INDEX.md
DOCS_CONFIG	ONLY_R35L31	frontend/playwright.pwa.config.js
APP_CORE	ONLY_R35L31	backend/api/accounting.py
APP_CORE	ONLY_R35L31	backend/api/accounting_advanced.py
APP_CORE	ONLY_R35L31	backend/api/accounting_protocols.py
APP_CORE	ONLY_R35L31	backend/api/assurance.py
APP_CORE	ONLY_R35L31	backend/api/canonical.py
APP_CORE	ONLY_R35L31	backend/api/commerce.py
APP_CORE	ONLY_R35L31	backend/api/critical_proof.py
APP_CORE	ONLY_R35L31	backend/api/data_classification.py
APP_CORE	ONLY_R35L31	backend/api/data_governance.py
APP_CORE	ONLY_R35L31	backend/api/ecosystem_builder.py
APP_CORE	ONLY_R35L31	backend/api/evidence_graph.py
APP_CORE	ONLY_R35L31	backend/api/expert_portal.py
APP_CORE	ONLY_R35L31	backend/api/expert_validations.py
APP_CORE	ONLY_R35L31	backend/api/governance_advanced.py
APP_CORE	ONLY_R35L31	backend/api/governance_protocols.py
APP_CORE	ONLY_R35L31	backend/api/legal_clauses.py
APP_CORE	ONLY_R35L31	backend/api/legal_deadlines.py
APP_CORE	ONLY_R35L31	backend/api/legal_documents.py
APP_CORE	ONLY_R35L31	backend/api/legal_evidence.py
APP_CORE	ONLY_R35L31	backend/api/legal_ops.py
APP_CORE	ONLY_R35L31	backend/api/legal_policy.py
APP_CORE	ONLY_R35L31	backend/api/legal_protocols.py
APP_CORE	ONLY_R35L31	backend/api/legal_risks.py
APP_CORE	ONLY_R35L31	backend/api/license_entitlement.py
APP_CORE	ONLY_R35L31	backend/api/master_registry.py
APP_CORE	ONLY_R35L31	backend/api/payments.py
APP_CORE	ONLY_R35L31	backend/api/physical_sessions.py
APP_CORE	ONLY_R35L31	backend/api/policy_registry.py
APP_CORE	ONLY_R35L31	backend/api/privacy_advanced.py
APP_CORE	ONLY_R35L31	backend/api/privacy_compliance.py
APP_CORE	ONLY_R35L31	backend/api/privacy_ops.py
APP_CORE	ONLY_R35L31	backend/api/privacy_protocols.py
APP_CORE	ONLY_R35L31	backend/api/production_gates.py
APP_CORE	ONLY_R35L31	backend/api/professional_governance.py
APP_CORE	ONLY_R35L31	backend/api/professional_profile.py
APP_CORE	ONLY_R35L31	backend/api/quality.py
APP_CORE	ONLY_R35L31	backend/api/quality_advanced.py
APP_CORE	ONLY_R35L31	backend/api/quality_protocols.py
APP_CORE	ONLY_R35L31	backend/api/regulatory_applicability.py
APP_CORE	ONLY_R35L31	backend/api/retention_executor.py
APP_CORE	ONLY_R35L31	backend/api/risk_advanced.py
APP_CORE	ONLY_R35L31	backend/api/risk_escalation.py
APP_CORE	ONLY_R35L31	backend/api/security_remediation.py
APP_CORE	ONLY_R35L31	backend/api/security_verification.py
APP_CORE	ONLY_R35L31	backend/api/threat_model.py
APP_CORE	ONLY_R35L31	backend/api/trust_signature.py
APP_CORE	ONLY_R35L31	backend/commerce/__init__.py
APP_CORE	ONLY_R35L31	backend/commerce/catalog.py
APP_CORE	ONLY_R35L31	backend/commerce/models.py
APP_CORE	ONLY_R35L31	backend/payments/__init__.py
APP_CORE	ONLY_R35L31	backend/payments/models.py
APP_CORE	ONLY_R35L31	backend/payments/provider.py
APP_CORE	ONLY_R35L31	backend/payments/service.py
APP_CORE	ONLY_R35L31	backend/physical_delivery.py
APP_CORE	ONLY_R35L31	backend/scripts/check_secrets.py
APP_CORE	ONLY_R35L31	backend/scripts/runtime_integration_smoke.py
APP_CORE	ONLY_R35L31	backend/services/accounting_advanced.py
APP_CORE	ONLY_R35L31	backend/services/accounting_core.py
APP_CORE	ONLY_R35L31	backend/services/accounting_mappings.py
APP_CORE	ONLY_R35L31	backend/services/accounting_protocols.py
APP_CORE	ONLY_R35L31	backend/services/accounting_workspace.py
APP_CORE	ONLY_R35L31	backend/services/activation.py
APP_CORE	ONLY_R35L31	backend/services/architecture_reuse.py
APP_CORE	ONLY_R35L31	backend/services/assurance_core.py
APP_CORE	ONLY_R35L31	backend/services/canonical_convergence.py
APP_CORE	ONLY_R35L31	backend/services/critical_proof.py
APP_CORE	ONLY_R35L31	backend/services/data_classification.py
APP_CORE	ONLY_R35L31	backend/services/data_governance.py
APP_CORE	ONLY_R35L31	backend/services/document_registry.py
APP_CORE	ONLY_R35L31	backend/services/economy_importer.py
APP_CORE	ONLY_R35L31	backend/services/ecosystem_builder.py
APP_CORE	ONLY_R35L31	backend/services/evidence_graph.py
APP_CORE	ONLY_R35L31	backend/services/expert_access.py
APP_CORE	ONLY_R35L31	backend/services/expert_cost_ledger.py
APP_CORE	ONLY_R35L31	backend/services/external_expert_actions.py
APP_CORE	ONLY_R35L31	backend/services/external_expert_validations.py
APP_CORE	ONLY_R35L31	backend/services/governance_notifications.py
APP_CORE	ONLY_R35L31	backend/services/governance_protocols.py
APP_CORE	ONLY_R35L31	backend/services/governance_review.py
APP_CORE	ONLY_R35L31	backend/services/legal_clauses.py
APP_CORE	ONLY_R35L31	backend/services/legal_core.py
APP_CORE	ONLY_R35L31	backend/services/legal_deadlines.py
APP_CORE	ONLY_R35L31	backend/services/legal_documents.py
APP_CORE	ONLY_R35L31	backend/services/legal_evidence.py
APP_CORE	ONLY_R35L31	backend/services/legal_expert_ops.py
APP_CORE	ONLY_R35L31	backend/services/legal_ops.py
APP_CORE	ONLY_R35L31	backend/services/legal_policy.py
APP_CORE	ONLY_R35L31	backend/services/legal_protocols.py
APP_CORE	ONLY_R35L31	backend/services/legal_risks.py
APP_CORE	ONLY_R35L31	backend/services/legal_workspace.py
APP_CORE	ONLY_R35L31	backend/services/license_entitlement.py
APP_CORE	ONLY_R35L31	backend/services/policy_registry.py
APP_CORE	ONLY_R35L31	backend/services/privacy_advanced.py
APP_CORE	ONLY_R35L31	backend/services/privacy_compliance.py
APP_CORE	ONLY_R35L31	backend/services/privacy_core.py
APP_CORE	ONLY_R35L31	backend/services/privacy_ops.py
APP_CORE	ONLY_R35L31	backend/services/privacy_protocols.py
APP_CORE	ONLY_R35L31	backend/services/production_gates.py
APP_CORE	ONLY_R35L31	backend/services/professional_governance.py
APP_CORE	ONLY_R35L31	backend/services/professional_profile.py
APP_CORE	ONLY_R35L31	backend/services/professional_workspace.py
APP_CORE	ONLY_R35L31	backend/services/progressive_horizon.py
APP_CORE	ONLY_R35L31	backend/services/proof_bridge.py
APP_CORE	ONLY_R35L31	backend/services/protocol_execution.py
APP_CORE	ONLY_R35L31	backend/services/quality_advanced.py
APP_CORE	ONLY_R35L31	backend/services/quality_core.py
APP_CORE	ONLY_R35L31	backend/services/quality_protocols.py
APP_CORE	ONLY_R35L31	backend/services/regulatory_applicability.py
APP_CORE	ONLY_R35L31	backend/services/remediation_dispatch.py
APP_CORE	ONLY_R35L31	backend/services/requirement_registry.py
APP_CORE	ONLY_R35L31	backend/services/retention_executor.py
APP_CORE	ONLY_R35L31	backend/services/risk_advanced.py
APP_CORE	ONLY_R35L31	backend/services/risk_escalation.py
APP_CORE	ONLY_R35L31	backend/services/risk_ops.py
APP_CORE	ONLY_R35L31	backend/services/security_core.py
APP_CORE	ONLY_R35L31	backend/services/security_remediation.py
APP_CORE	ONLY_R35L31	backend/services/security_verification.py
APP_CORE	ONLY_R35L31	backend/services/threat_model.py
APP_CORE	ONLY_R35L31	backend/services/trust_signature.py
APP_CORE	ONLY_R35L31	frontend/scripts/serve-build.js
APP_CORE	ONLY_R35L31	frontend/src/components/AcademyBackdrop.jsx
APP_CORE	ONLY_R35L31	frontend/src/components/CertificationGradeForm.js
APP_CORE	ONLY_R35L31	frontend/src/components/PhysicalSessionsPanel.js
APP_CORE	ONLY_R35L31	frontend/src/lib/canonicalApi.js
APP_CORE	ONLY_R35L31	frontend/src/lib/canonicalDisplay.js
APP_CORE	ONLY_R35L31	frontend/src/lib/canonicalFrkApi.js
APP_CORE	ONLY_R35L31	frontend/src/lib/canonicalFrkDisplay.js
APP_CORE	ONLY_R35L31	frontend/src/lib/canonicalKltApi.js
APP_CORE	ONLY_R35L31	frontend/src/lib/canonicalKltDisplay.js
APP_CORE	ONLY_R35L31	frontend/src/lib/canonicalKorApi.js
APP_CORE	ONLY_R35L31	frontend/src/lib/canonicalKorDisplay.js
APP_CORE	ONLY_R35L31	frontend/src/lib/pedagogicalGraph.js
APP_CORE	ONLY_R35L31	frontend/src/lib/railPositionRestoration.js
APP_CORE	ONLY_R35L31	frontend/src/lib/scrollRestoration.js
APP_CORE	ONLY_R35L31	frontend/src/lib/useCameraIntent.js
APP_CORE	ONLY_R35L31	frontend/src/lib/useDepthPhysics.js
APP_CORE	ONLY_R35L31	frontend/src/lib/usePedagogicalGraph.js
APP_CORE	ONLY_R35L31	frontend/src/lib/useScrollRestoration.js
APP_CORE	ONLY_R35L31	frontend/src/pages/CanonicalFormationDetail.js
APP_CORE	ONLY_R35L31	frontend/src/pages/CanonicalFormations.js
APP_CORE	ONLY_R35L31	frontend/src/pages/CanonicalFrkFormationDetail.js
APP_CORE	ONLY_R35L31	frontend/src/pages/CanonicalFrkFormations.js
APP_CORE	ONLY_R35L31	frontend/src/pages/CanonicalFrkModuleView.js
APP_CORE	ONLY_R35L31	frontend/src/pages/CanonicalKltFormationDetail.js
APP_CORE	ONLY_R35L31	frontend/src/pages/CanonicalKltFormations.js
APP_CORE	ONLY_R35L31	frontend/src/pages/CanonicalKltModuleView.js
APP_CORE	ONLY_R35L31	frontend/src/pages/CanonicalKorFormationDetail.js
APP_CORE	ONLY_R35L31	frontend/src/pages/CanonicalKorFormations.js
APP_CORE	ONLY_R35L31	frontend/src/pages/CanonicalKorModuleView.js
APP_CORE	ONLY_R35L31	frontend/src/pages/CanonicalModuleView.js
APP_CORE	ONLY_R35L31	frontend/src/pages/EcosystemBuilder.js
APP_CORE	ONLY_R35L31	frontend/src/pages/ExpertWorkspace.js
APP_CORE	ONLY_R35L31	frontend/src/pages/Offers.js
APP_CORE	ONLY_R35L31	frontend/src/pages/ProfessionalPublicProfile.js
APP_CORE	ONLY_R35L31	frontend/src/pages/admin/ProfessionalWorkspace.js
AUTH	ONLY_R35L31	backend/api/authority_policy.py
AUTH	ONLY_R35L31	backend/services/authority_policy.py
AUTH	ONLY_R35L31	backend/services/authority_policy_protocol.py
AUTH	ONLY_R35L31	backend/tests/test_authority_a5.py
AUTH	ONLY_R35L31	backend/tests/test_authority_policy.py
AUTH	ONLY_R35L31	backend/tests/test_authority_policy_protocol.py
CANONICAL_BACKENDS	ONLY_R35L31	backend/api/frk_canonical.py
CANONICAL_BACKENDS	ONLY_R35L31	backend/api/klt_canonical.py
CANONICAL_BACKENDS	ONLY_R35L31	backend/api/kor_canonical.py
CANONICAL_BACKENDS	ONLY_R35L31	backend/api/qualification.py
CANONICAL_BACKENDS	ONLY_R35L31	backend/canonical_common/__init__.py
CANONICAL_BACKENDS	ONLY_R35L31	backend/canonical_common/audience.py
CANONICAL_BACKENDS	ONLY_R35L31	backend/qualification/__init__.py
CANONICAL_BACKENDS	ONLY_R35L31	backend/qualification/models.py
CANONICAL_BACKENDS	ONLY_R35L31	backend/qualification/service.py
CANONICAL_BACKENDS	ONLY_R35L31	backend/tests/test_canonical_authority_routing.py
CANONICAL_BACKENDS	ONLY_R35L31	backend/tests/test_canonical_convergence.py
CANONICAL_BACKENDS	ONLY_R35L31	backend/tests/test_fms_canonical.py
CANONICAL_BACKENDS	ONLY_R35L31	backend/tests/test_frk_canonical.py
CANONICAL_BACKENDS	ONLY_R35L31	backend/tests/test_klt_canonical.py
FMS	ONLY_R35L31	backend/fms_canonical/__init__.py
FMS	ONLY_R35L31	backend/fms_canonical/delivery_architecture.py
FMS	ONLY_R35L31	backend/fms_canonical/import_pipeline.py
FMS	ONLY_R35L31	backend/fms_canonical/models.py
FMS	ONLY_R35L31	backend/fms_canonical/module_map_extract.py
FMS	ONLY_R35L31	backend/fms_canonical/progress.py
FMS	ONLY_R35L31	backend/fms_canonical/provenance.py
FMS	ONLY_R35L31	backend/fms_canonical/read_model.py
FMS	ONLY_R35L31	backend/fms_canonical/spec_rubric_import.py
FMS	ONLY_R35L31	docs/fms/CERTIFICATION_MODEL.md
FMS	ONLY_R35L31	docs/fms/FMS_CANONICAL_EDUCATION_MAP.md
FMS	ONLY_R35L31	docs/fms/QUALITY_GATES.md
FMS	ONLY_R35L31	docs/fms/README.md
FMS	ONLY_R35L31	docs/fms/fms07/ASSESSMENT_AND_RUBRIC.md
FMS	ONLY_R35L31	docs/fms/fms07/BANQUE_N1.md
FMS	ONLY_R35L31	docs/fms/fms07/BANQUE_N2.md
FMS	ONLY_R35L31	docs/fms/fms07/EVIDENCE_MODEL.md
FMS	ONLY_R35L31	docs/fms/fms07/GUIDE_CANDIDAT.md
FMS	ONLY_R35L31	docs/fms/fms07/GUIDE_CORRECTEUR.md
FMS	ONLY_R35L31	docs/fms/fms07/GUIDE_JURY.md
FMS	ONLY_R35L31	docs/fms/fms07/INTEGRATION_NOTE.md
FMS	ONLY_R35L31	docs/fms/fms07/REFERENTIAL.md
FMS	ONLY_R35L31	docs/fms/fms08/ASSESSMENT_AND_RUBRIC.md
FMS	ONLY_R35L31	docs/fms/fms08/BANQUE_N1.md
FMS	ONLY_R35L31	docs/fms/fms08/BANQUE_N2.md
FMS	ONLY_R35L31	docs/fms/fms08/EVIDENCE_MODEL.md
FMS	ONLY_R35L31	docs/fms/fms08/GUIDE_CANDIDAT.md
FMS	ONLY_R35L31	docs/fms/fms08/GUIDE_CORRECTEUR.md
FMS	ONLY_R35L31	docs/fms/fms08/GUIDE_JURY.md
FMS	ONLY_R35L31	docs/fms/fms08/INTEGRATION_NOTE.md
FMS	ONLY_R35L31	docs/fms/fms08/REFERENTIAL.md
FMS	ONLY_R35L31	docs/fms/fms09/ASSESSMENT_AND_RUBRIC.md
FMS	ONLY_R35L31	docs/fms/fms09/BANQUE_N1.md
FMS	ONLY_R35L31	docs/fms/fms09/BANQUE_N2.md
FMS	ONLY_R35L31	docs/fms/fms09/EVIDENCE_MODEL.md
FMS	ONLY_R35L31	docs/fms/fms09/GUIDE_CANDIDAT.md
FMS	ONLY_R35L31	docs/fms/fms09/GUIDE_CORRECTEUR.md
FMS	ONLY_R35L31	docs/fms/fms09/GUIDE_JURY.md
FMS	ONLY_R35L31	docs/fms/fms09/INTEGRATION_NOTE.md
FMS	ONLY_R35L31	docs/fms/fms09/REFERENTIAL.md
FMS	ONLY_R35L31	docs/fms/fms10/ASSESSMENT_AND_RUBRIC.md
FMS	ONLY_R35L31	docs/fms/fms10/BANQUE_N1.md
FMS	ONLY_R35L31	docs/fms/fms10/BANQUE_N2.md
FMS	ONLY_R35L31	docs/fms/fms10/EVIDENCE_MODEL.md
FMS	ONLY_R35L31	docs/fms/fms10/GUIDE_CANDIDAT.md
FMS	ONLY_R35L31	docs/fms/fms10/GUIDE_CORRECTEUR.md
FMS	ONLY_R35L31	docs/fms/fms10/GUIDE_JURY.md
FMS	ONLY_R35L31	docs/fms/fms10/INTEGRATION_NOTE.md
FMS	ONLY_R35L31	docs/fms/fms10/REFERENTIAL.md
FMS	ONLY_R35L31	docs/fms/fms11/ASSESSMENT_AND_RUBRIC.md
FMS	ONLY_R35L31	docs/fms/fms11/BANQUE_N1.md
FMS	ONLY_R35L31	docs/fms/fms11/BANQUE_N2.md
FMS	ONLY_R35L31	docs/fms/fms11/EVIDENCE_MODEL.md
FMS	ONLY_R35L31	docs/fms/fms11/GUIDE_CANDIDAT.md
FMS	ONLY_R35L31	docs/fms/fms11/GUIDE_CORRECTEUR.md
FMS	ONLY_R35L31	docs/fms/fms11/GUIDE_JURY.md
FMS	ONLY_R35L31	docs/fms/fms11/INTEGRATION_NOTE.md
FMS	ONLY_R35L31	docs/fms/fms11/REFERENTIAL.md
FMS	ONLY_R35L31	docs/fms/fms12/ASSESSMENT_AND_RUBRIC.md
FMS	ONLY_R35L31	docs/fms/fms12/BANQUE_N1.md
FMS	ONLY_R35L31	docs/fms/fms12/BANQUE_N2.md
FMS	ONLY_R35L31	docs/fms/fms12/EVIDENCE_MODEL.md
FMS	ONLY_R35L31	docs/fms/fms12/GUIDE_CANDIDAT.md
FMS	ONLY_R35L31	docs/fms/fms12/GUIDE_CORRECTEUR.md
FMS	ONLY_R35L31	docs/fms/fms12/GUIDE_JURY.md
FMS	ONLY_R35L31	docs/fms/fms12/INTEGRATION_NOTE.md
FMS	ONLY_R35L31	docs/fms/fms12/REFERENTIAL.md
FMS	ONLY_R35L31	docs/fms/fms13/ASSESSMENT_AND_RUBRIC.md
FMS	ONLY_R35L31	docs/fms/fms13/BANQUE_N1.md
FMS	ONLY_R35L31	docs/fms/fms13/BANQUE_N2.md
FMS	ONLY_R35L31	docs/fms/fms13/EVIDENCE_MODEL.md
FMS	ONLY_R35L31	docs/fms/fms13/GUIDE_CANDIDAT.md
FMS	ONLY_R35L31	docs/fms/fms13/GUIDE_CORRECTEUR.md
FMS	ONLY_R35L31	docs/fms/fms13/GUIDE_JURY.md
FMS	ONLY_R35L31	docs/fms/fms13/INTEGRATION_NOTE.md
FMS	ONLY_R35L31	docs/fms/fms13/REFERENTIAL.md
FMS	ONLY_R35L31	docs/fms/fms15/ASSESSMENT_AND_RUBRIC.md
FMS	ONLY_R35L31	docs/fms/fms15/BANQUE_N1.md
FMS	ONLY_R35L31	docs/fms/fms15/BANQUE_N2.md
FMS	ONLY_R35L31	docs/fms/fms15/EVIDENCE_MODEL.md
FMS	ONLY_R35L31	docs/fms/fms15/GUIDE_CANDIDAT.md
FMS	ONLY_R35L31	docs/fms/fms15/GUIDE_CORRECTEUR.md
FMS	ONLY_R35L31	docs/fms/fms15/GUIDE_JURY.md
FMS	ONLY_R35L31	docs/fms/fms15/INTEGRATION_NOTE.md
FMS	ONLY_R35L31	docs/fms/fms15/REFERENTIAL.md
FMS	ONLY_R35L31	docs/fms/fms18/ASSESSMENT_AND_RUBRIC.md
FMS	ONLY_R35L31	docs/fms/fms18/BANQUE_N1.md
FMS	ONLY_R35L31	docs/fms/fms18/BANQUE_N2.md
FMS	ONLY_R35L31	docs/fms/fms18/EVIDENCE_MODEL.md
FMS	ONLY_R35L31	docs/fms/fms18/GUIDE_CANDIDAT.md
FMS	ONLY_R35L31	docs/fms/fms18/GUIDE_CORRECTEUR.md
FMS	ONLY_R35L31	docs/fms/fms18/GUIDE_JURY.md
FMS	ONLY_R35L31	docs/fms/fms18/INTEGRATION_NOTE.md
FMS	ONLY_R35L31	docs/fms/fms18/REFERENTIAL.md
FRK	ONLY_R35L31	backend/frk_canonical/__init__.py
FRK	ONLY_R35L31	backend/frk_canonical/import_pipeline.py
FRK	ONLY_R35L31	backend/frk_canonical/models.py
FRK	ONLY_R35L31	backend/frk_canonical/parser.py
FRK	ONLY_R35L31	backend/frk_canonical/progress.py
FRK	ONLY_R35L31	backend/frk_canonical/provenance.py
FRK	ONLY_R35L31	backend/frk_canonical/read_model.py
FRK	ONLY_R35L31	backend/frk_canonical/rubric_import.py
FRK	ONLY_R35L31	docs/frk/CERTIFICATION_MODEL.md
FRK	ONLY_R35L31	docs/frk/FRK_CANONICAL_EDUCATION_MAP.md
FRK	ONLY_R35L31	docs/frk/QUALITY_GATES.md
FRK	ONLY_R35L31	docs/frk/README.md
FRK	ONLY_R35L31	docs/frk/frk01/ASSESSMENT_AND_RUBRIC.md
FRK	ONLY_R35L31	docs/frk/frk01/BANQUE_N1.md
FRK	ONLY_R35L31	docs/frk/frk01/BANQUE_N2.md
FRK	ONLY_R35L31	docs/frk/frk01/EVIDENCE_MODEL.md
FRK	ONLY_R35L31	docs/frk/frk01/GUIDE_CANDIDAT.md
FRK	ONLY_R35L31	docs/frk/frk01/GUIDE_CORRECTEUR.md
FRK	ONLY_R35L31	docs/frk/frk01/GUIDE_JURY.md
FRK	ONLY_R35L31	docs/frk/frk01/INTEGRATION_NOTE.md
FRK	ONLY_R35L31	docs/frk/frk01/REFERENTIAL.md
FRK	ONLY_R35L31	docs/frk/frk02/ASSESSMENT_AND_RUBRIC.md
FRK	ONLY_R35L31	docs/frk/frk02/BANQUE_N1.md
FRK	ONLY_R35L31	docs/frk/frk02/BANQUE_N2.md
FRK	ONLY_R35L31	docs/frk/frk02/EVIDENCE_MODEL.md
FRK	ONLY_R35L31	docs/frk/frk02/GUIDE_CANDIDAT.md
FRK	ONLY_R35L31	docs/frk/frk02/GUIDE_CORRECTEUR.md
FRK	ONLY_R35L31	docs/frk/frk02/GUIDE_JURY.md
FRK	ONLY_R35L31	docs/frk/frk02/INTEGRATION_NOTE.md
FRK	ONLY_R35L31	docs/frk/frk02/REFERENTIAL.md
FRK	ONLY_R35L31	docs/frk/frk03/ASSESSMENT_AND_RUBRIC.md
FRK	ONLY_R35L31	docs/frk/frk03/BANQUE_N1.md
FRK	ONLY_R35L31	docs/frk/frk03/BANQUE_N2.md
FRK	ONLY_R35L31	docs/frk/frk03/EVIDENCE_MODEL.md
FRK	ONLY_R35L31	docs/frk/frk03/GUIDE_CANDIDAT.md
FRK	ONLY_R35L31	docs/frk/frk03/GUIDE_CORRECTEUR.md
FRK	ONLY_R35L31	docs/frk/frk03/GUIDE_JURY.md
FRK	ONLY_R35L31	docs/frk/frk03/INTEGRATION_NOTE.md
FRK	ONLY_R35L31	docs/frk/frk03/REFERENTIAL.md
FRK	ONLY_R35L31	docs/frk/frk04/ASSESSMENT_AND_RUBRIC.md
FRK	ONLY_R35L31	docs/frk/frk04/BANQUE_N1.md
FRK	ONLY_R35L31	docs/frk/frk04/BANQUE_N2.md
FRK	ONLY_R35L31	docs/frk/frk04/EVIDENCE_MODEL.md
FRK	ONLY_R35L31	docs/frk/frk04/GUIDE_CANDIDAT.md
FRK	ONLY_R35L31	docs/frk/frk04/GUIDE_CORRECTEUR.md
FRK	ONLY_R35L31	docs/frk/frk04/GUIDE_JURY.md
FRK	ONLY_R35L31	docs/frk/frk04/INTEGRATION_NOTE.md
FRK	ONLY_R35L31	docs/frk/frk04/REFERENTIAL.md
FRK	ONLY_R35L31	docs/frk/frk06/ASSESSMENT_AND_RUBRIC.md
FRK	ONLY_R35L31	docs/frk/frk06/BANQUE_N1.md
FRK	ONLY_R35L31	docs/frk/frk06/BANQUE_N2.md
FRK	ONLY_R35L31	docs/frk/frk06/EVIDENCE_MODEL.md
FRK	ONLY_R35L31	docs/frk/frk06/GUIDE_CANDIDAT.md
FRK	ONLY_R35L31	docs/frk/frk06/GUIDE_CORRECTEUR.md
FRK	ONLY_R35L31	docs/frk/frk06/GUIDE_JURY.md
FRK	ONLY_R35L31	docs/frk/frk06/INTEGRATION_NOTE.md
FRK	ONLY_R35L31	docs/frk/frk06/REFERENTIAL.md
FRK	ONLY_R35L31	docs/frk/frk07/ASSESSMENT_AND_RUBRIC.md
FRK	ONLY_R35L31	docs/frk/frk07/BANQUE_N1.md
FRK	ONLY_R35L31	docs/frk/frk07/BANQUE_N2.md
FRK	ONLY_R35L31	docs/frk/frk07/EVIDENCE_MODEL.md
FRK	ONLY_R35L31	docs/frk/frk07/GUIDE_CANDIDAT.md
FRK	ONLY_R35L31	docs/frk/frk07/GUIDE_CORRECTEUR.md
FRK	ONLY_R35L31	docs/frk/frk07/GUIDE_JURY.md
FRK	ONLY_R35L31	docs/frk/frk07/INTEGRATION_NOTE.md
FRK	ONLY_R35L31	docs/frk/frk07/REFERENTIAL.md
FRK	ONLY_R35L31	docs/frk/frk08/ASSESSMENT_AND_RUBRIC.md
FRK	ONLY_R35L31	docs/frk/frk08/BANQUE_N1.md
FRK	ONLY_R35L31	docs/frk/frk08/BANQUE_N2.md
FRK	ONLY_R35L31	docs/frk/frk08/EVIDENCE_MODEL.md
FRK	ONLY_R35L31	docs/frk/frk08/GUIDE_CANDIDAT.md
FRK	ONLY_R35L31	docs/frk/frk08/GUIDE_CORRECTEUR.md
FRK	ONLY_R35L31	docs/frk/frk08/GUIDE_JURY.md
FRK	ONLY_R35L31	docs/frk/frk08/INTEGRATION_NOTE.md
FRK	ONLY_R35L31	docs/frk/frk08/REFERENTIAL.md
FRK	ONLY_R35L31	docs/frk/frk09/ASSESSMENT_AND_RUBRIC.md
FRK	ONLY_R35L31	docs/frk/frk09/BANQUE_N1.md
FRK	ONLY_R35L31	docs/frk/frk09/BANQUE_N2.md
FRK	ONLY_R35L31	docs/frk/frk09/EVIDENCE_MODEL.md
FRK	ONLY_R35L31	docs/frk/frk09/GUIDE_CANDIDAT.md
FRK	ONLY_R35L31	docs/frk/frk09/GUIDE_CORRECTEUR.md
FRK	ONLY_R35L31	docs/frk/frk09/GUIDE_JURY.md
FRK	ONLY_R35L31	docs/frk/frk09/INTEGRATION_NOTE.md
FRK	ONLY_R35L31	docs/frk/frk09/REFERENTIAL.md
FRK	ONLY_R35L31	docs/frk/frk10/ASSESSMENT_AND_RUBRIC.md
FRK	ONLY_R35L31	docs/frk/frk10/BANQUE_N1.md
FRK	ONLY_R35L31	docs/frk/frk10/BANQUE_N2.md
FRK	ONLY_R35L31	docs/frk/frk10/EVIDENCE_MODEL.md
FRK	ONLY_R35L31	docs/frk/frk10/GUIDE_CANDIDAT.md
FRK	ONLY_R35L31	docs/frk/frk10/GUIDE_CORRECTEUR.md
FRK	ONLY_R35L31	docs/frk/frk10/GUIDE_JURY.md
FRK	ONLY_R35L31	docs/frk/frk10/INTEGRATION_NOTE.md
FRK	ONLY_R35L31	docs/frk/frk10/REFERENTIAL.md
FRK	ONLY_R35L31	docs/frk/frk11/ASSESSMENT_AND_RUBRIC.md
FRK	ONLY_R35L31	docs/frk/frk11/BANQUE_N1.md
FRK	ONLY_R35L31	docs/frk/frk11/BANQUE_N2.md
FRK	ONLY_R35L31	docs/frk/frk11/EVIDENCE_MODEL.md
FRK	ONLY_R35L31	docs/frk/frk11/GUIDE_CANDIDAT.md
FRK	ONLY_R35L31	docs/frk/frk11/GUIDE_CORRECTEUR.md
FRK	ONLY_R35L31	docs/frk/frk11/GUIDE_JURY.md
FRK	ONLY_R35L31	docs/frk/frk11/INTEGRATION_NOTE.md
FRK	ONLY_R35L31	docs/frk/frk11/REFERENTIAL.md
FRK	ONLY_R35L31	docs/frk/frk12/ASSESSMENT_AND_RUBRIC.md
FRK	ONLY_R35L31	docs/frk/frk12/BANQUE_N1.md
FRK	ONLY_R35L31	docs/frk/frk12/BANQUE_N2.md
FRK	ONLY_R35L31	docs/frk/frk12/EVIDENCE_MODEL.md
FRK	ONLY_R35L31	docs/frk/frk12/GUIDE_CANDIDAT.md
FRK	ONLY_R35L31	docs/frk/frk12/GUIDE_CORRECTEUR.md
FRK	ONLY_R35L31	docs/frk/frk12/GUIDE_JURY.md
FRK	ONLY_R35L31	docs/frk/frk12/INTEGRATION_NOTE.md
FRK	ONLY_R35L31	docs/frk/frk12/REFERENTIAL.md
FRK	ONLY_R35L31	docs/frk/frk13/ASSESSMENT_AND_RUBRIC.md
FRK	ONLY_R35L31	docs/frk/frk13/BANQUE_N1.md
FRK	ONLY_R35L31	docs/frk/frk13/BANQUE_N2.md
FRK	ONLY_R35L31	docs/frk/frk13/EVIDENCE_MODEL.md
FRK	ONLY_R35L31	docs/frk/frk13/GUIDE_CANDIDAT.md
FRK	ONLY_R35L31	docs/frk/frk13/GUIDE_CORRECTEUR.md
FRK	ONLY_R35L31	docs/frk/frk13/GUIDE_JURY.md
FRK	ONLY_R35L31	docs/frk/frk13/INTEGRATION_NOTE.md
FRK	ONLY_R35L31	docs/frk/frk13/REFERENTIAL.md
FRK	ONLY_R35L31	docs/frk/frk14/ASSESSMENT_AND_RUBRIC.md
FRK	ONLY_R35L31	docs/frk/frk14/BANQUE_N1.md
FRK	ONLY_R35L31	docs/frk/frk14/BANQUE_N2.md
FRK	ONLY_R35L31	docs/frk/frk14/EVIDENCE_MODEL.md
FRK	ONLY_R35L31	docs/frk/frk14/GUIDE_CANDIDAT.md
FRK	ONLY_R35L31	docs/frk/frk14/GUIDE_CORRECTEUR.md
FRK	ONLY_R35L31	docs/frk/frk14/GUIDE_JURY.md
FRK	ONLY_R35L31	docs/frk/frk14/INTEGRATION_NOTE.md
FRK	ONLY_R35L31	docs/frk/frk14/REFERENTIAL.md
FRK	ONLY_R35L31	docs/frk/frk15/ASSESSMENT_AND_RUBRIC.md
FRK	ONLY_R35L31	docs/frk/frk15/BANQUE_N1.md
FRK	ONLY_R35L31	docs/frk/frk15/BANQUE_N2.md
FRK	ONLY_R35L31	docs/frk/frk15/EVIDENCE_MODEL.md
FRK	ONLY_R35L31	docs/frk/frk15/GUIDE_CANDIDAT.md
FRK	ONLY_R35L31	docs/frk/frk15/GUIDE_CORRECTEUR.md
FRK	ONLY_R35L31	docs/frk/frk15/GUIDE_JURY.md
FRK	ONLY_R35L31	docs/frk/frk15/INTEGRATION_NOTE.md
FRK	ONLY_R35L31	docs/frk/frk15/REFERENTIAL.md
FRK	ONLY_R35L31	docs/frk/frk16/ASSESSMENT_AND_RUBRIC.md
FRK	ONLY_R35L31	docs/frk/frk16/BANQUE_N1.md
FRK	ONLY_R35L31	docs/frk/frk16/BANQUE_N2.md
FRK	ONLY_R35L31	docs/frk/frk16/EVIDENCE_MODEL.md
FRK	ONLY_R35L31	docs/frk/frk16/GUIDE_CANDIDAT.md
FRK	ONLY_R35L31	docs/frk/frk16/GUIDE_CORRECTEUR.md
FRK	ONLY_R35L31	docs/frk/frk16/GUIDE_JURY.md
FRK	ONLY_R35L31	docs/frk/frk16/INTEGRATION_NOTE.md
FRK	ONLY_R35L31	docs/frk/frk16/REFERENTIAL.md
FRK	ONLY_R35L31	docs/frk/frk17/ASSESSMENT_AND_RUBRIC.md
FRK	ONLY_R35L31	docs/frk/frk17/BANQUE_N1.md
FRK	ONLY_R35L31	docs/frk/frk17/BANQUE_N2.md
FRK	ONLY_R35L31	docs/frk/frk17/EVIDENCE_MODEL.md
FRK	ONLY_R35L31	docs/frk/frk17/GUIDE_CANDIDAT.md
FRK	ONLY_R35L31	docs/frk/frk17/GUIDE_CORRECTEUR.md
FRK	ONLY_R35L31	docs/frk/frk17/GUIDE_JURY.md
FRK	ONLY_R35L31	docs/frk/frk17/INTEGRATION_NOTE.md
FRK	ONLY_R35L31	docs/frk/frk17/REFERENTIAL.md
FRK	ONLY_R35L31	docs/frk/frk18/ASSESSMENT_AND_RUBRIC.md
FRK	ONLY_R35L31	docs/frk/frk18/BANQUE_N1.md
FRK	ONLY_R35L31	docs/frk/frk18/BANQUE_N2.md
FRK	ONLY_R35L31	docs/frk/frk18/EVIDENCE_MODEL.md
FRK	ONLY_R35L31	docs/frk/frk18/GUIDE_CANDIDAT.md
FRK	ONLY_R35L31	docs/frk/frk18/GUIDE_CORRECTEUR.md
FRK	ONLY_R35L31	docs/frk/frk18/GUIDE_JURY.md
FRK	ONLY_R35L31	docs/frk/frk18/INTEGRATION_NOTE.md
FRK	ONLY_R35L31	docs/frk/frk18/REFERENTIAL.md
FRK	ONLY_R35L31	docs/frk/frk19/GAP.md
FRK	ONLY_R35L31	docs/frk/frk20/ASSESSMENT_AND_RUBRIC.md
FRK	ONLY_R35L31	docs/frk/frk20/BANQUE_N1.md
FRK	ONLY_R35L31	docs/frk/frk20/BANQUE_N2.md
FRK	ONLY_R35L31	docs/frk/frk20/EVIDENCE_MODEL.md
FRK	ONLY_R35L31	docs/frk/frk20/GUIDE_CANDIDAT.md
FRK	ONLY_R35L31	docs/frk/frk20/GUIDE_CORRECTEUR.md
FRK	ONLY_R35L31	docs/frk/frk20/GUIDE_JURY.md
FRK	ONLY_R35L31	docs/frk/frk20/INTEGRATION_NOTE.md
FRK	ONLY_R35L31	docs/frk/frk20/REFERENTIAL.md
FRK	ONLY_R35L31	docs/frk/frk21/GAP.md
FRK	ONLY_R35L31	docs/frk/frk22/GAP.md
FRK	ONLY_R35L31	docs/frk/frk23/ASSESSMENT_AND_RUBRIC.md
FRK	ONLY_R35L31	docs/frk/frk23/BANQUE_N1.md
FRK	ONLY_R35L31	docs/frk/frk23/BANQUE_N2.md
FRK	ONLY_R35L31	docs/frk/frk23/EVIDENCE_MODEL.md
FRK	ONLY_R35L31	docs/frk/frk23/GUIDE_CANDIDAT.md
FRK	ONLY_R35L31	docs/frk/frk23/GUIDE_CORRECTEUR.md
FRK	ONLY_R35L31	docs/frk/frk23/GUIDE_JURY.md
FRK	ONLY_R35L31	docs/frk/frk23/INTEGRATION_NOTE.md
FRK	ONLY_R35L31	docs/frk/frk23/REFERENTIAL.md
FRK	ONLY_R35L31	docs/frk/frk24/GAP.md
FRK	ONLY_R35L31	docs/frk/frk25/ASSESSMENT_AND_RUBRIC.md
FRK	ONLY_R35L31	docs/frk/frk25/BANQUE_N1.md
FRK	ONLY_R35L31	docs/frk/frk25/BANQUE_N2.md
FRK	ONLY_R35L31	docs/frk/frk25/EVIDENCE_MODEL.md
FRK	ONLY_R35L31	docs/frk/frk25/GUIDE_CANDIDAT.md
FRK	ONLY_R35L31	docs/frk/frk25/GUIDE_CORRECTEUR.md
FRK	ONLY_R35L31	docs/frk/frk25/GUIDE_JURY.md
FRK	ONLY_R35L31	docs/frk/frk25/INTEGRATION_NOTE.md
FRK	ONLY_R35L31	docs/frk/frk25/REFERENTIAL.md
FRK	ONLY_R35L31	docs/frk/frk26/ASSESSMENT_AND_RUBRIC.md
FRK	ONLY_R35L31	docs/frk/frk26/BANQUE_N1.md
FRK	ONLY_R35L31	docs/frk/frk26/BANQUE_N2.md
FRK	ONLY_R35L31	docs/frk/frk26/EVIDENCE_MODEL.md
FRK	ONLY_R35L31	docs/frk/frk26/GUIDE_CANDIDAT.md
FRK	ONLY_R35L31	docs/frk/frk26/GUIDE_CORRECTEUR.md
FRK	ONLY_R35L31	docs/frk/frk26/GUIDE_JURY.md
FRK	ONLY_R35L31	docs/frk/frk26/INTEGRATION_NOTE.md
FRK	ONLY_R35L31	docs/frk/frk26/REFERENTIAL.md
FRK	ONLY_R35L31	docs/frk/frk27/ASSESSMENT_AND_RUBRIC.md
FRK	ONLY_R35L31	docs/frk/frk27/BANQUE_N1.md
FRK	ONLY_R35L31	docs/frk/frk27/BANQUE_N2.md
FRK	ONLY_R35L31	docs/frk/frk27/EVIDENCE_MODEL.md
FRK	ONLY_R35L31	docs/frk/frk27/GUIDE_CANDIDAT.md
FRK	ONLY_R35L31	docs/frk/frk27/GUIDE_CORRECTEUR.md
FRK	ONLY_R35L31	docs/frk/frk27/GUIDE_JURY.md
FRK	ONLY_R35L31	docs/frk/frk27/INTEGRATION_NOTE.md
FRK	ONLY_R35L31	docs/frk/frk27/REFERENTIAL.md
FRK	ONLY_R35L31	docs/frk/frk28/ASSESSMENT_AND_RUBRIC.md
FRK	ONLY_R35L31	docs/frk/frk28/BANQUE_N1.md
FRK	ONLY_R35L31	docs/frk/frk28/BANQUE_N2.md
FRK	ONLY_R35L31	docs/frk/frk28/EVIDENCE_MODEL.md
FRK	ONLY_R35L31	docs/frk/frk28/GUIDE_CANDIDAT.md
FRK	ONLY_R35L31	docs/frk/frk28/GUIDE_CORRECTEUR.md
FRK	ONLY_R35L31	docs/frk/frk28/GUIDE_JURY.md
FRK	ONLY_R35L31	docs/frk/frk28/INTEGRATION_NOTE.md
FRK	ONLY_R35L31	docs/frk/frk28/REFERENTIAL.md
FRK	ONLY_R35L31	docs/frk/frk29/ASSESSMENT_AND_RUBRIC.md
FRK	ONLY_R35L31	docs/frk/frk29/BANQUE_N1.md
FRK	ONLY_R35L31	docs/frk/frk29/BANQUE_N2.md
FRK	ONLY_R35L31	docs/frk/frk29/EVIDENCE_MODEL.md
FRK	ONLY_R35L31	docs/frk/frk29/GUIDE_CANDIDAT.md
FRK	ONLY_R35L31	docs/frk/frk29/GUIDE_CORRECTEUR.md
FRK	ONLY_R35L31	docs/frk/frk29/GUIDE_JURY.md
FRK	ONLY_R35L31	docs/frk/frk29/INTEGRATION_NOTE.md
FRK	ONLY_R35L31	docs/frk/frk29/REFERENTIAL.md
FRK	ONLY_R35L31	docs/frk/frk30/ASSESSMENT_AND_RUBRIC.md
FRK	ONLY_R35L31	docs/frk/frk30/BANQUE_N1.md
FRK	ONLY_R35L31	docs/frk/frk30/BANQUE_N2.md
FRK	ONLY_R35L31	docs/frk/frk30/EVIDENCE_MODEL.md
FRK	ONLY_R35L31	docs/frk/frk30/GUIDE_CANDIDAT.md
FRK	ONLY_R35L31	docs/frk/frk30/GUIDE_CORRECTEUR.md
FRK	ONLY_R35L31	docs/frk/frk30/GUIDE_JURY.md
FRK	ONLY_R35L31	docs/frk/frk30/INTEGRATION_NOTE.md
FRK	ONLY_R35L31	docs/frk/frk30/REFERENTIAL.md
FRK	ONLY_R35L31	docs/frk/frk31/ASSESSMENT_AND_RUBRIC.md
FRK	ONLY_R35L31	docs/frk/frk31/BANQUE_N1.md
FRK	ONLY_R35L31	docs/frk/frk31/BANQUE_N2.md
FRK	ONLY_R35L31	docs/frk/frk31/EVIDENCE_MODEL.md
FRK	ONLY_R35L31	docs/frk/frk31/GUIDE_CANDIDAT.md
FRK	ONLY_R35L31	docs/frk/frk31/GUIDE_CORRECTEUR.md
FRK	ONLY_R35L31	docs/frk/frk31/GUIDE_JURY.md
FRK	ONLY_R35L31	docs/frk/frk31/INTEGRATION_NOTE.md
FRK	ONLY_R35L31	docs/frk/frk31/REFERENTIAL.md
FRK	ONLY_R35L31	docs/frk/frk32/ASSESSMENT_AND_RUBRIC.md
FRK	ONLY_R35L31	docs/frk/frk32/BANQUE_N1.md
FRK	ONLY_R35L31	docs/frk/frk32/BANQUE_N2.md
FRK	ONLY_R35L31	docs/frk/frk32/EVIDENCE_MODEL.md
FRK	ONLY_R35L31	docs/frk/frk32/GUIDE_CANDIDAT.md
FRK	ONLY_R35L31	docs/frk/frk32/GUIDE_CORRECTEUR.md
FRK	ONLY_R35L31	docs/frk/frk32/GUIDE_JURY.md
FRK	ONLY_R35L31	docs/frk/frk32/INTEGRATION_NOTE.md
FRK	ONLY_R35L31	docs/frk/frk32/REFERENTIAL.md
FRK	ONLY_R35L31	docs/frk/frk33/ASSESSMENT_AND_RUBRIC.md
FRK	ONLY_R35L31	docs/frk/frk33/BANQUE_N1.md
FRK	ONLY_R35L31	docs/frk/frk33/BANQUE_N2.md
FRK	ONLY_R35L31	docs/frk/frk33/EVIDENCE_MODEL.md
FRK	ONLY_R35L31	docs/frk/frk33/GUIDE_CANDIDAT.md
FRK	ONLY_R35L31	docs/frk/frk33/GUIDE_CORRECTEUR.md
FRK	ONLY_R35L31	docs/frk/frk33/GUIDE_JURY.md
FRK	ONLY_R35L31	docs/frk/frk33/INTEGRATION_NOTE.md
FRK	ONLY_R35L31	docs/frk/frk33/REFERENTIAL.md
FRK	ONLY_R35L31	docs/frk/frk34/ASSESSMENT_AND_RUBRIC.md
FRK	ONLY_R35L31	docs/frk/frk34/BANQUE_N1.md
FRK	ONLY_R35L31	docs/frk/frk34/BANQUE_N2.md
FRK	ONLY_R35L31	docs/frk/frk34/EVIDENCE_MODEL.md
FRK	ONLY_R35L31	docs/frk/frk34/GUIDE_CANDIDAT.md
FRK	ONLY_R35L31	docs/frk/frk34/GUIDE_CORRECTEUR.md
FRK	ONLY_R35L31	docs/frk/frk34/GUIDE_JURY.md
FRK	ONLY_R35L31	docs/frk/frk34/INTEGRATION_NOTE.md
FRK	ONLY_R35L31	docs/frk/frk34/REFERENTIAL.md
FRK	ONLY_R35L31	docs/frk/frk35/ASSESSMENT_AND_RUBRIC.md
FRK	ONLY_R35L31	docs/frk/frk35/BANQUE_N1.md
FRK	ONLY_R35L31	docs/frk/frk35/BANQUE_N2.md
FRK	ONLY_R35L31	docs/frk/frk35/EVIDENCE_MODEL.md
FRK	ONLY_R35L31	docs/frk/frk35/GUIDE_CANDIDAT.md
FRK	ONLY_R35L31	docs/frk/frk35/GUIDE_CORRECTEUR.md
FRK	ONLY_R35L31	docs/frk/frk35/GUIDE_JURY.md
FRK	ONLY_R35L31	docs/frk/frk35/INTEGRATION_NOTE.md
FRK	ONLY_R35L31	docs/frk/frk35/REFERENTIAL.md
FRK	ONLY_R35L31	docs/frk/frk36/ASSESSMENT_AND_RUBRIC.md
FRK	ONLY_R35L31	docs/frk/frk36/BANQUE_N1.md
FRK	ONLY_R35L31	docs/frk/frk36/BANQUE_N2.md
FRK	ONLY_R35L31	docs/frk/frk36/EVIDENCE_MODEL.md
FRK	ONLY_R35L31	docs/frk/frk36/GUIDE_CANDIDAT.md
FRK	ONLY_R35L31	docs/frk/frk36/GUIDE_CORRECTEUR.md
FRK	ONLY_R35L31	docs/frk/frk36/GUIDE_JURY.md
FRK	ONLY_R35L31	docs/frk/frk36/INTEGRATION_NOTE.md
FRK	ONLY_R35L31	docs/frk/frk36/REFERENTIAL.md
FRK	ONLY_R35L31	docs/frk/frk37/ASSESSMENT_AND_RUBRIC.md
FRK	ONLY_R35L31	docs/frk/frk37/BANQUE_N1.md
FRK	ONLY_R35L31	docs/frk/frk37/BANQUE_N2.md
FRK	ONLY_R35L31	docs/frk/frk37/EVIDENCE_MODEL.md
FRK	ONLY_R35L31	docs/frk/frk37/GUIDE_CANDIDAT.md
FRK	ONLY_R35L31	docs/frk/frk37/GUIDE_CORRECTEUR.md
FRK	ONLY_R35L31	docs/frk/frk37/GUIDE_JURY.md
FRK	ONLY_R35L31	docs/frk/frk37/INTEGRATION_NOTE.md
FRK	ONLY_R35L31	docs/frk/frk37/REFERENTIAL.md
FRK	ONLY_R35L31	docs/frk/frk38/ASSESSMENT_AND_RUBRIC.md
FRK	ONLY_R35L31	docs/frk/frk38/BANQUE_N1.md
FRK	ONLY_R35L31	docs/frk/frk38/BANQUE_N2.md
FRK	ONLY_R35L31	docs/frk/frk38/EVIDENCE_MODEL.md
FRK	ONLY_R35L31	docs/frk/frk38/GUIDE_CANDIDAT.md
FRK	ONLY_R35L31	docs/frk/frk38/GUIDE_CORRECTEUR.md
FRK	ONLY_R35L31	docs/frk/frk38/GUIDE_JURY.md
FRK	ONLY_R35L31	docs/frk/frk38/INTEGRATION_NOTE.md
FRK	ONLY_R35L31	docs/frk/frk38/REFERENTIAL.md
FRK	ONLY_R35L31	docs/frk/frk39/GAP.md
FRK	ONLY_R35L31	docs/frk/frk40/ASSESSMENT_AND_RUBRIC.md
FRK	ONLY_R35L31	docs/frk/frk40/BANQUE_N1.md
FRK	ONLY_R35L31	docs/frk/frk40/BANQUE_N2.md
FRK	ONLY_R35L31	docs/frk/frk40/EVIDENCE_MODEL.md
FRK	ONLY_R35L31	docs/frk/frk40/GUIDE_CANDIDAT.md
FRK	ONLY_R35L31	docs/frk/frk40/GUIDE_CORRECTEUR.md
FRK	ONLY_R35L31	docs/frk/frk40/GUIDE_JURY.md
FRK	ONLY_R35L31	docs/frk/frk40/INTEGRATION_NOTE.md
FRK	ONLY_R35L31	docs/frk/frk40/REFERENTIAL.md
FRK	ONLY_R35L31	docs/frk/frk41/ASSESSMENT_AND_RUBRIC.md
FRK	ONLY_R35L31	docs/frk/frk41/BANQUE_N1.md
FRK	ONLY_R35L31	docs/frk/frk41/BANQUE_N2.md
FRK	ONLY_R35L31	docs/frk/frk41/EVIDENCE_MODEL.md
FRK	ONLY_R35L31	docs/frk/frk41/GUIDE_CANDIDAT.md
FRK	ONLY_R35L31	docs/frk/frk41/GUIDE_CORRECTEUR.md
FRK	ONLY_R35L31	docs/frk/frk41/GUIDE_JURY.md
FRK	ONLY_R35L31	docs/frk/frk41/INTEGRATION_NOTE.md
FRK	ONLY_R35L31	docs/frk/frk41/REFERENTIAL.md
FRK	ONLY_R35L31	docs/frk/frk42/ASSESSMENT_AND_RUBRIC.md
FRK	ONLY_R35L31	docs/frk/frk42/BANQUE_N1.md
FRK	ONLY_R35L31	docs/frk/frk42/BANQUE_N2.md
FRK	ONLY_R35L31	docs/frk/frk42/EVIDENCE_MODEL.md
FRK	ONLY_R35L31	docs/frk/frk42/GUIDE_CANDIDAT.md
FRK	ONLY_R35L31	docs/frk/frk42/GUIDE_CORRECTEUR.md
FRK	ONLY_R35L31	docs/frk/frk42/GUIDE_JURY.md
FRK	ONLY_R35L31	docs/frk/frk42/INTEGRATION_NOTE.md
FRK	ONLY_R35L31	docs/frk/frk42/REFERENTIAL.md
FRK	ONLY_R35L31	docs/frk/frk43/ASSESSMENT_AND_RUBRIC.md
FRK	ONLY_R35L31	docs/frk/frk43/BANQUE_N1.md
FRK	ONLY_R35L31	docs/frk/frk43/BANQUE_N2.md
FRK	ONLY_R35L31	docs/frk/frk43/EVIDENCE_MODEL.md
FRK	ONLY_R35L31	docs/frk/frk43/GUIDE_CANDIDAT.md
FRK	ONLY_R35L31	docs/frk/frk43/GUIDE_CORRECTEUR.md
FRK	ONLY_R35L31	docs/frk/frk43/GUIDE_JURY.md
FRK	ONLY_R35L31	docs/frk/frk43/INTEGRATION_NOTE.md
FRK	ONLY_R35L31	docs/frk/frk43/REFERENTIAL.md
FRK	ONLY_R35L31	docs/frk/frk44/ASSESSMENT_AND_RUBRIC.md
FRK	ONLY_R35L31	docs/frk/frk44/BANQUE_N1.md
FRK	ONLY_R35L31	docs/frk/frk44/BANQUE_N2.md
FRK	ONLY_R35L31	docs/frk/frk44/EVIDENCE_MODEL.md
FRK	ONLY_R35L31	docs/frk/frk44/GUIDE_CANDIDAT.md
FRK	ONLY_R35L31	docs/frk/frk44/GUIDE_CORRECTEUR.md
FRK	ONLY_R35L31	docs/frk/frk44/GUIDE_JURY.md
FRK	ONLY_R35L31	docs/frk/frk44/INTEGRATION_NOTE.md
FRK	ONLY_R35L31	docs/frk/frk44/REFERENTIAL.md
FRK	ONLY_R35L31	docs/frk/frk47/ASSESSMENT_AND_RUBRIC.md
FRK	ONLY_R35L31	docs/frk/frk47/BANQUE_N1.md
FRK	ONLY_R35L31	docs/frk/frk47/BANQUE_N2.md
FRK	ONLY_R35L31	docs/frk/frk47/EVIDENCE_MODEL.md
FRK	ONLY_R35L31	docs/frk/frk47/GUIDE_CANDIDAT.md
FRK	ONLY_R35L31	docs/frk/frk47/GUIDE_CORRECTEUR.md
FRK	ONLY_R35L31	docs/frk/frk47/GUIDE_JURY.md
FRK	ONLY_R35L31	docs/frk/frk47/INTEGRATION_NOTE.md
FRK	ONLY_R35L31	docs/frk/frk47/REFERENTIAL.md
FRK	ONLY_R35L31	docs/frk/frk52/ASSESSMENT_AND_RUBRIC.md
FRK	ONLY_R35L31	docs/frk/frk52/BANQUE_N1.md
FRK	ONLY_R35L31	docs/frk/frk52/BANQUE_N2.md
FRK	ONLY_R35L31	docs/frk/frk52/EVIDENCE_MODEL.md
FRK	ONLY_R35L31	docs/frk/frk52/GUIDE_CANDIDAT.md
FRK	ONLY_R35L31	docs/frk/frk52/GUIDE_CORRECTEUR.md
FRK	ONLY_R35L31	docs/frk/frk52/GUIDE_JURY.md
FRK	ONLY_R35L31	docs/frk/frk52/INTEGRATION_NOTE.md
FRK	ONLY_R35L31	docs/frk/frk52/REFERENTIAL.md
FRK	ONLY_R35L31	docs/frk/frk53/ASSESSMENT_AND_RUBRIC.md
FRK	ONLY_R35L31	docs/frk/frk53/BANQUE_N1.md
FRK	ONLY_R35L31	docs/frk/frk53/BANQUE_N2.md
FRK	ONLY_R35L31	docs/frk/frk53/EVIDENCE_MODEL.md
FRK	ONLY_R35L31	docs/frk/frk53/GUIDE_CANDIDAT.md
FRK	ONLY_R35L31	docs/frk/frk53/GUIDE_CORRECTEUR.md
FRK	ONLY_R35L31	docs/frk/frk53/GUIDE_JURY.md
FRK	ONLY_R35L31	docs/frk/frk53/INTEGRATION_NOTE.md
FRK	ONLY_R35L31	docs/frk/frk53/REFERENTIAL.md
FRK	ONLY_R35L31	docs/frk/frk54/ASSESSMENT_AND_RUBRIC.md
FRK	ONLY_R35L31	docs/frk/frk54/BANQUE_N1.md
FRK	ONLY_R35L31	docs/frk/frk54/BANQUE_N2.md
FRK	ONLY_R35L31	docs/frk/frk54/EVIDENCE_MODEL.md
FRK	ONLY_R35L31	docs/frk/frk54/GUIDE_CANDIDAT.md
FRK	ONLY_R35L31	docs/frk/frk54/GUIDE_CORRECTEUR.md
FRK	ONLY_R35L31	docs/frk/frk54/GUIDE_JURY.md
FRK	ONLY_R35L31	docs/frk/frk54/INTEGRATION_NOTE.md
FRK	ONLY_R35L31	docs/frk/frk54/REFERENTIAL.md
FRK	ONLY_R35L31	docs/frk/frk55/ASSESSMENT_AND_RUBRIC.md
FRK	ONLY_R35L31	docs/frk/frk55/BANQUE_N1.md
FRK	ONLY_R35L31	docs/frk/frk55/BANQUE_N2.md
FRK	ONLY_R35L31	docs/frk/frk55/EVIDENCE_MODEL.md
FRK	ONLY_R35L31	docs/frk/frk55/GUIDE_CANDIDAT.md
FRK	ONLY_R35L31	docs/frk/frk55/GUIDE_CORRECTEUR.md
FRK	ONLY_R35L31	docs/frk/frk55/GUIDE_JURY.md
FRK	ONLY_R35L31	docs/frk/frk55/INTEGRATION_NOTE.md
FRK	ONLY_R35L31	docs/frk/frk55/REFERENTIAL.md
FRK	ONLY_R35L31	docs/frk/frk56/ASSESSMENT_AND_RUBRIC.md
FRK	ONLY_R35L31	docs/frk/frk56/BANQUE_N1.md
FRK	ONLY_R35L31	docs/frk/frk56/BANQUE_N2.md
FRK	ONLY_R35L31	docs/frk/frk56/EVIDENCE_MODEL.md
FRK	ONLY_R35L31	docs/frk/frk56/GUIDE_CANDIDAT.md
FRK	ONLY_R35L31	docs/frk/frk56/GUIDE_CORRECTEUR.md
FRK	ONLY_R35L31	docs/frk/frk56/GUIDE_JURY.md
FRK	ONLY_R35L31	docs/frk/frk56/INTEGRATION_NOTE.md
FRK	ONLY_R35L31	docs/frk/frk56/REFERENTIAL.md
FRK	ONLY_R35L31	docs/frk/frk57/GAP.md
FRK	ONLY_R35L31	docs/frk/frk58/ASSESSMENT_AND_RUBRIC.md
FRK	ONLY_R35L31	docs/frk/frk58/BANQUE_N1.md
FRK	ONLY_R35L31	docs/frk/frk58/BANQUE_N2.md
FRK	ONLY_R35L31	docs/frk/frk58/EVIDENCE_MODEL.md
FRK	ONLY_R35L31	docs/frk/frk58/GUIDE_CANDIDAT.md
FRK	ONLY_R35L31	docs/frk/frk58/GUIDE_CORRECTEUR.md
FRK	ONLY_R35L31	docs/frk/frk58/GUIDE_JURY.md
FRK	ONLY_R35L31	docs/frk/frk58/INTEGRATION_NOTE.md
FRK	ONLY_R35L31	docs/frk/frk58/REFERENTIAL.md
FRK	ONLY_R35L31	docs/frk/frk59/ASSESSMENT_AND_RUBRIC.md
FRK	ONLY_R35L31	docs/frk/frk59/BANQUE_N1.md
FRK	ONLY_R35L31	docs/frk/frk59/BANQUE_N2.md
FRK	ONLY_R35L31	docs/frk/frk59/EVIDENCE_MODEL.md
FRK	ONLY_R35L31	docs/frk/frk59/GUIDE_CANDIDAT.md
FRK	ONLY_R35L31	docs/frk/frk59/GUIDE_CORRECTEUR.md
FRK	ONLY_R35L31	docs/frk/frk59/GUIDE_JURY.md
FRK	ONLY_R35L31	docs/frk/frk59/INTEGRATION_NOTE.md
FRK	ONLY_R35L31	docs/frk/frk59/REFERENTIAL.md
FRK	ONLY_R35L31	docs/frk/frk60/ASSESSMENT_AND_RUBRIC.md
FRK	ONLY_R35L31	docs/frk/frk60/BANQUE_N1.md
FRK	ONLY_R35L31	docs/frk/frk60/BANQUE_N2.md
FRK	ONLY_R35L31	docs/frk/frk60/EVIDENCE_MODEL.md
FRK	ONLY_R35L31	docs/frk/frk60/GUIDE_CANDIDAT.md
FRK	ONLY_R35L31	docs/frk/frk60/GUIDE_CORRECTEUR.md
FRK	ONLY_R35L31	docs/frk/frk60/GUIDE_JURY.md
FRK	ONLY_R35L31	docs/frk/frk60/INTEGRATION_NOTE.md
FRK	ONLY_R35L31	docs/frk/frk60/REFERENTIAL.md
FRK	ONLY_R35L31	docs/frk/frk61/ASSESSMENT_AND_RUBRIC.md
FRK	ONLY_R35L31	docs/frk/frk61/BANQUE_N1.md
FRK	ONLY_R35L31	docs/frk/frk61/BANQUE_N2.md
FRK	ONLY_R35L31	docs/frk/frk61/EVIDENCE_MODEL.md
FRK	ONLY_R35L31	docs/frk/frk61/GUIDE_CANDIDAT.md
FRK	ONLY_R35L31	docs/frk/frk61/GUIDE_CORRECTEUR.md
FRK	ONLY_R35L31	docs/frk/frk61/GUIDE_JURY.md
FRK	ONLY_R35L31	docs/frk/frk61/INTEGRATION_NOTE.md
FRK	ONLY_R35L31	docs/frk/frk61/REFERENTIAL.md
FRK	ONLY_R35L31	docs/frk/frk62/ASSESSMENT_AND_RUBRIC.md
FRK	ONLY_R35L31	docs/frk/frk62/BANQUE_N1.md
FRK	ONLY_R35L31	docs/frk/frk62/BANQUE_N2.md
FRK	ONLY_R35L31	docs/frk/frk62/EVIDENCE_MODEL.md
FRK	ONLY_R35L31	docs/frk/frk62/GUIDE_CANDIDAT.md
FRK	ONLY_R35L31	docs/frk/frk62/GUIDE_CORRECTEUR.md
FRK	ONLY_R35L31	docs/frk/frk62/GUIDE_JURY.md
FRK	ONLY_R35L31	docs/frk/frk62/INTEGRATION_NOTE.md
FRK	ONLY_R35L31	docs/frk/frk62/REFERENTIAL.md
FRK	ONLY_R35L31	docs/frk/frk63/ASSESSMENT_AND_RUBRIC.md
FRK	ONLY_R35L31	docs/frk/frk63/BANQUE_N1.md
FRK	ONLY_R35L31	docs/frk/frk63/BANQUE_N2.md
FRK	ONLY_R35L31	docs/frk/frk63/EVIDENCE_MODEL.md
FRK	ONLY_R35L31	docs/frk/frk63/GUIDE_CANDIDAT.md
FRK	ONLY_R35L31	docs/frk/frk63/GUIDE_CORRECTEUR.md
FRK	ONLY_R35L31	docs/frk/frk63/GUIDE_JURY.md
FRK	ONLY_R35L31	docs/frk/frk63/INTEGRATION_NOTE.md
FRK	ONLY_R35L31	docs/frk/frk63/REFERENTIAL.md
FRK	ONLY_R35L31	docs/frk/frk64/GAP.md
FRK	ONLY_R35L31	docs/frk/frk65/GAP.md
FRK	ONLY_R35L31	docs/frk/frk66/GAP.md
FRK	ONLY_R35L31	docs/frk/frk67/GAP.md
FRK	ONLY_R35L31	docs/frk/frk68/ASSESSMENT_AND_RUBRIC.md
FRK	ONLY_R35L31	docs/frk/frk68/BANQUE_N1.md
FRK	ONLY_R35L31	docs/frk/frk68/BANQUE_N2.md
FRK	ONLY_R35L31	docs/frk/frk68/EVIDENCE_MODEL.md
FRK	ONLY_R35L31	docs/frk/frk68/GUIDE_CANDIDAT.md
FRK	ONLY_R35L31	docs/frk/frk68/GUIDE_CORRECTEUR.md
FRK	ONLY_R35L31	docs/frk/frk68/GUIDE_JURY.md
FRK	ONLY_R35L31	docs/frk/frk68/INTEGRATION_NOTE.md
FRK	ONLY_R35L31	docs/frk/frk68/REFERENTIAL.md
FRK	ONLY_R35L31	docs/frk/frk69/ASSESSMENT_AND_RUBRIC.md
FRK	ONLY_R35L31	docs/frk/frk69/BANQUE_N1.md
FRK	ONLY_R35L31	docs/frk/frk69/BANQUE_N2.md
FRK	ONLY_R35L31	docs/frk/frk69/EVIDENCE_MODEL.md
FRK	ONLY_R35L31	docs/frk/frk69/GUIDE_CANDIDAT.md
FRK	ONLY_R35L31	docs/frk/frk69/GUIDE_CORRECTEUR.md
FRK	ONLY_R35L31	docs/frk/frk69/GUIDE_JURY.md
FRK	ONLY_R35L31	docs/frk/frk69/INTEGRATION_NOTE.md
FRK	ONLY_R35L31	docs/frk/frk69/REFERENTIAL.md
FRK	ONLY_R35L31	docs/frk/frk71/ASSESSMENT_AND_RUBRIC.md
FRK	ONLY_R35L31	docs/frk/frk71/BANQUE_N1.md
FRK	ONLY_R35L31	docs/frk/frk71/BANQUE_N2.md
FRK	ONLY_R35L31	docs/frk/frk71/EVIDENCE_MODEL.md
FRK	ONLY_R35L31	docs/frk/frk71/GUIDE_CANDIDAT.md
FRK	ONLY_R35L31	docs/frk/frk71/GUIDE_CORRECTEUR.md
FRK	ONLY_R35L31	docs/frk/frk71/GUIDE_JURY.md
FRK	ONLY_R35L31	docs/frk/frk71/INTEGRATION_NOTE.md
FRK	ONLY_R35L31	docs/frk/frk71/REFERENTIAL.md
FRK	ONLY_R35L31	docs/frk/frk72/ASSESSMENT_AND_RUBRIC.md
FRK	ONLY_R35L31	docs/frk/frk72/BANQUE_N1.md
FRK	ONLY_R35L31	docs/frk/frk72/BANQUE_N2.md
FRK	ONLY_R35L31	docs/frk/frk72/EVIDENCE_MODEL.md
FRK	ONLY_R35L31	docs/frk/frk72/GUIDE_CANDIDAT.md
FRK	ONLY_R35L31	docs/frk/frk72/GUIDE_CORRECTEUR.md
FRK	ONLY_R35L31	docs/frk/frk72/GUIDE_JURY.md
FRK	ONLY_R35L31	docs/frk/frk72/INTEGRATION_NOTE.md
FRK	ONLY_R35L31	docs/frk/frk72/REFERENTIAL.md
FRK	ONLY_R35L31	docs/frk/frk73/ASSESSMENT_AND_RUBRIC.md
FRK	ONLY_R35L31	docs/frk/frk73/BANQUE_N1.md
FRK	ONLY_R35L31	docs/frk/frk73/BANQUE_N2.md
FRK	ONLY_R35L31	docs/frk/frk73/EVIDENCE_MODEL.md
FRK	ONLY_R35L31	docs/frk/frk73/GUIDE_CANDIDAT.md
FRK	ONLY_R35L31	docs/frk/frk73/GUIDE_CORRECTEUR.md
FRK	ONLY_R35L31	docs/frk/frk73/GUIDE_JURY.md
FRK	ONLY_R35L31	docs/frk/frk73/INTEGRATION_NOTE.md
FRK	ONLY_R35L31	docs/frk/frk73/REFERENTIAL.md
FRK	ONLY_R35L31	docs/frk/frk74/ASSESSMENT_AND_RUBRIC.md
FRK	ONLY_R35L31	docs/frk/frk74/BANQUE_N1.md
FRK	ONLY_R35L31	docs/frk/frk74/BANQUE_N2.md
FRK	ONLY_R35L31	docs/frk/frk74/EVIDENCE_MODEL.md
FRK	ONLY_R35L31	docs/frk/frk74/GUIDE_CANDIDAT.md
FRK	ONLY_R35L31	docs/frk/frk74/GUIDE_CORRECTEUR.md
FRK	ONLY_R35L31	docs/frk/frk74/GUIDE_JURY.md
FRK	ONLY_R35L31	docs/frk/frk74/INTEGRATION_NOTE.md
FRK	ONLY_R35L31	docs/frk/frk74/REFERENTIAL.md
FRK	ONLY_R35L31	docs/frk/frk75/ASSESSMENT_AND_RUBRIC.md
FRK	ONLY_R35L31	docs/frk/frk75/BANQUE_N1.md
FRK	ONLY_R35L31	docs/frk/frk75/BANQUE_N2.md
FRK	ONLY_R35L31	docs/frk/frk75/EVIDENCE_MODEL.md
FRK	ONLY_R35L31	docs/frk/frk75/GUIDE_CANDIDAT.md
FRK	ONLY_R35L31	docs/frk/frk75/GUIDE_CORRECTEUR.md
FRK	ONLY_R35L31	docs/frk/frk75/GUIDE_JURY.md
FRK	ONLY_R35L31	docs/frk/frk75/INTEGRATION_NOTE.md
FRK	ONLY_R35L31	docs/frk/frk75/REFERENTIAL.md
KILTIKONET	ONLY_R35L31	backend/klt_canonical/__init__.py
KILTIKONET	ONLY_R35L31	backend/klt_canonical/import_pipeline.py
KILTIKONET	ONLY_R35L31	backend/klt_canonical/models.py
KILTIKONET	ONLY_R35L31	backend/klt_canonical/parser.py
KILTIKONET	ONLY_R35L31	backend/klt_canonical/progress.py
KILTIKONET	ONLY_R35L31	backend/klt_canonical/provenance.py
KILTIKONET	ONLY_R35L31	backend/klt_canonical/read_model.py
KILTIKONET	ONLY_R35L31	backend/klt_canonical/rubric_import.py
KILTIKONET	ONLY_R35L31	docs/kiltikonet_master_package/00_MASTER/CERTIFICATION_ARCHITECTURE.md
KILTIKONET	ONLY_R35L31	docs/kiltikonet_master_package/00_MASTER/CROSS_KLT_COMPETENCY_MAP.md
KILTIKONET	ONLY_R35L31	docs/kiltikonet_master_package/00_MASTER/KILTIKONET_MASTER_PORTFOLIO_MAP.md
KILTIKONET	ONLY_R35L31	docs/kiltikonet_master_package/00_MASTER/KILTIKONET_MASTER_SKILL_REGISTRY.md
KILTIKONET	ONLY_R35L31	docs/kiltikonet_master_package/00_MASTER/KILTIKONET_PROFESSIONAL_PATHWAY.md
KILTIKONET	ONLY_R35L31	docs/kiltikonet_master_package/00_MASTER/MASTER_ASSESSMENT_ARCHITECTURE.md
KILTIKONET	ONLY_R35L31	docs/kiltikonet_master_package/00_MASTER/MASTER_EVIDENCE_MODEL.md
KILTIKONET	ONLY_R35L31	docs/kiltikonet_master_package/00_MASTER/MASTER_INDEX.md
KILTIKONET	ONLY_R35L31	docs/kiltikonet_master_package/00_MASTER/OPERATOR_AUTHORIZATION_ARCHITECTURE.md
KILTIKONET	ONLY_R35L31	docs/kiltikonet_master_package/01_KLT01_MEDIATEUR_CULTUREL/INDEX.md
KILTIKONET	ONLY_R35L31	docs/kiltikonet_master_package/02_KLT02_CHEF_PROJET_CULTUREL/INDEX.md
KILTIKONET	ONLY_R35L31	docs/kiltikonet_master_package/03_KLT03_PARTENARIATS_INSTITUTIONNELS/INDEX.md
KILTIKONET	ONLY_R35L31	docs/kiltikonet_master_package/04_KLT04_GOUVERNANCE_RESEAUX/INDEX.md
KILTIKONET	ONLY_R35L31	docs/kiltikonet_master_package/05_KLT05_OPERATEUR_KILTIKONET/INDEX.md
KILTIKONET	ONLY_R35L31	docs/kiltikonet_master_package/06_KLT06_PLANNED/PLANNED.md
KILTIKONET	ONLY_R35L31	docs/kiltikonet_master_package/07_KLT07_PLANNED/PLANNED.md
KILTIKONET	ONLY_R35L31	docs/kiltikonet_master_package/08_KLT08_PLANNED/PLANNED.md
KILTIKONET	ONLY_R35L31	docs/kiltikonet_master_package/90_SHARED/KILTIKONET_CASE_UNIVERSE_MAP.md
KILTIKONET	ONLY_R35L31	docs/kiltikonet_master_package/91_VALIDATION/EXTERNAL_VALIDATION_REGISTER.md
KILTIKONET	ONLY_R35L31	docs/kiltikonet_master_package/91_VALIDATION/KILTIKONET_FIELD_VALIDATION_REGISTER.md
KILTIKONET	ONLY_R35L31	docs/kiltikonet_master_package/92_INTEGRATION/KILTIKONET_ACADEMY_INTEGRATION_MAP.md
KILTIKONET	ONLY_R35L31	docs/kiltikonet_master_package/92_INTEGRATION/KILTIKONET_PRODUCT_DEPENDENCY_MAP.md
KILTIKONET	ONLY_R35L31	docs/kiltikonet_master_package/93_QUALITY/MASTER_QUALITY_GATES.md
KILTIKONET	ONLY_R35L31	docs/kiltikonet_master_package/99_REPORTS/CHANGELOG.md
KILTIKONET	ONLY_R35L31	docs/kiltikonet_master_package/99_REPORTS/MANIFEST.md
KILTIKONET	ONLY_R35L31	docs/kiltikonet_master_package/README.md
KILTIKONET	ONLY_R35L31	docs/klt/KLT_09_20_BLOCKED_CANDIDATES.md
KILTIKONET	ONLY_R35L31	docs/klt/README.md
KILTIKONET	ONLY_R35L31	docs/klt/klt01/00_BLUEPRINTS.md
KILTIKONET	ONLY_R35L31	docs/klt/klt01/CERTIFICATION_MODEL.md
KILTIKONET	ONLY_R35L31	docs/klt/klt01/INTEGRATION_ACADEMY_PACKAGE_NOTE.md
KILTIKONET	ONLY_R35L31	docs/klt/klt01/QUALITY_GATES.md
KILTIKONET	ONLY_R35L31	docs/klt/klt01/assessments/A01_CERTIFICATION_ASSESSMENT.md
KILTIKONET	ONLY_R35L31	docs/klt/klt01/assessments/N1_QUESTION_BANK.md
KILTIKONET	ONLY_R35L31	docs/klt/klt01/assessments/N2_EVALUATIONS.md
KILTIKONET	ONLY_R35L31	docs/klt/klt01/assessments/RUBRIC.md
KILTIKONET	ONLY_R35L31	docs/klt/klt01/case/CASE_COMPETENCY_MATRIX.md
KILTIKONET	ONLY_R35L31	docs/klt/klt01/case/CAS_FIL_ROUGE.md
KILTIKONET	ONLY_R35L31	docs/klt/klt01/guides/CANDIDATE_GUIDE.md
KILTIKONET	ONLY_R35L31	docs/klt/klt01/guides/CORRECTOR_GUIDE.md
KILTIKONET	ONLY_R35L31	docs/klt/klt01/guides/JURY_GUIDE.md
KILTIKONET	ONLY_R35L31	docs/klt/klt01/modules/M01_qu-est-ce-que-medier-une-culture.md
KILTIKONET	ONLY_R35L31	docs/klt/klt01/modules/M02_panorama-culturel-caribeen.md
KILTIKONET	ONLY_R35L31	docs/klt/klt01/modules/M03_cartographier-acteurs-et-ressources.md
KILTIKONET	ONLY_R35L31	docs/klt/klt01/modules/M04_concevoir-une-action-de-mediation.md
KILTIKONET	ONLY_R35L31	docs/klt/klt01/modules/M05_animer-un-groupe.md
KILTIKONET	ONLY_R35L31	docs/klt/klt01/modules/M06_media-et-outils-de-mediation.md
KILTIKONET	ONLY_R35L31	docs/klt/klt01/modules/M07_interculturel-conflits-ethique.md
KILTIKONET	ONLY_R35L31	docs/klt/klt01/modules/M08_publics-jeunes.md
KILTIKONET	ONLY_R35L31	docs/klt/klt01/modules/M09_publics-seniors.md
KILTIKONET	ONLY_R35L31	docs/klt/klt01/modules/M10_documenter-et-prouver.md
KILTIKONET	ONLY_R35L31	docs/klt/klt01/modules/M11_action-terrain-finale.md
KILTIKONET	ONLY_R35L31	docs/klt/klt01/skills/EVIDENCE_MODEL.md
KILTIKONET	ONLY_R35L31	docs/klt/klt01/skills/SKILL_ID_REGISTRY.md
KILTIKONET	ONLY_R35L31	docs/klt/klt01/templates/TEMPLATES.md
KILTIKONET	ONLY_R35L31	docs/klt/klt02/00_REFERENTIEL_ET_BLUEPRINTS.md
KILTIKONET	ONLY_R35L31	docs/klt/klt02/CERTIFICATION_MODEL.md
KILTIKONET	ONLY_R35L31	docs/klt/klt02/INTEGRATION_ACADEMY_PACKAGE_NOTE.md
KILTIKONET	ONLY_R35L31	docs/klt/klt02/QUALITY_GATES.md
KILTIKONET	ONLY_R35L31	docs/klt/klt02/assessments/A01_CERTIFICATION_ASSESSMENT.md
KILTIKONET	ONLY_R35L31	docs/klt/klt02/assessments/N1_QUESTION_BANK.md
KILTIKONET	ONLY_R35L31	docs/klt/klt02/assessments/N2_EVALUATIONS.md
KILTIKONET	ONLY_R35L31	docs/klt/klt02/assessments/RUBRIC.md
KILTIKONET	ONLY_R35L31	docs/klt/klt02/case/CASE_COMPETENCY_MATRIX.md
KILTIKONET	ONLY_R35L31	docs/klt/klt02/case/CAS_ANGLE_PROJET.md
KILTIKONET	ONLY_R35L31	docs/klt/klt02/guides/CANDIDATE_GUIDE.md
KILTIKONET	ONLY_R35L31	docs/klt/klt02/guides/CORRECTOR_GUIDE.md
KILTIKONET	ONLY_R35L31	docs/klt/klt02/guides/JURY_GUIDE.md
KILTIKONET	ONLY_R35L31	docs/klt/klt02/modules/M01_cadrer-un-projet-culturel.md
KILTIKONET	ONLY_R35L31	docs/klt/klt02/modules/M02_etudier-le-besoin-et-parties-prenantes.md
KILTIKONET	ONLY_R35L31	docs/klt/klt02/modules/M03_budget-culturel-previsionnel.md
KILTIKONET	ONLY_R35L31	docs/klt/klt02/modules/M04_recherche-de-financements.md
KILTIKONET	ONLY_R35L31	docs/klt/klt02/modules/M05_planifier-et-gerer-une-equipe.md
KILTIKONET	ONLY_R35L31	docs/klt/klt02/modules/M06_piloter-lexecution-operationnelle.md
KILTIKONET	ONLY_R35L31	docs/klt/klt02/modules/M07_communiquer-sur-un-projet.md
KILTIKONET	ONLY_R35L31	docs/klt/klt02/modules/M08_identifier-et-traiter-risques-et-conformite.md
KILTIKONET	ONLY_R35L31	docs/klt/klt02/modules/M09_evaluer-limpact-dun-projet.md
KILTIKONET	ONLY_R35L31	docs/klt/klt02/modules/M10_bilan-et-reconduction-strategique.md
KILTIKONET	ONLY_R35L31	docs/klt/klt02/modules/M11_pilotage-final.md
KILTIKONET	ONLY_R35L31	docs/klt/klt02/skills/EVIDENCE_MODEL.md
KILTIKONET	ONLY_R35L31	docs/klt/klt02/skills/SKILL_ID_REGISTRY.md
KILTIKONET	ONLY_R35L31	docs/klt/klt02/templates/TEMPLATES.md
KILTIKONET	ONLY_R35L31	docs/klt/klt03/00_REFERENTIEL_ET_BLUEPRINTS.md
KILTIKONET	ONLY_R35L31	docs/klt/klt03/CERTIFICATION_MODEL.md
KILTIKONET	ONLY_R35L31	docs/klt/klt03/INTEGRATION_ACADEMY_PACKAGE_NOTE.md
KILTIKONET	ONLY_R35L31	docs/klt/klt03/QUALITY_GATES.md
KILTIKONET	ONLY_R35L31	docs/klt/klt03/assessments/A01_CERTIFICATION_ASSESSMENT.md
KILTIKONET	ONLY_R35L31	docs/klt/klt03/assessments/N1_QUESTION_BANK.md
KILTIKONET	ONLY_R35L31	docs/klt/klt03/assessments/N2_EVALUATIONS.md
KILTIKONET	ONLY_R35L31	docs/klt/klt03/assessments/RUBRIC.md
KILTIKONET	ONLY_R35L31	docs/klt/klt03/case/CASE_COMPETENCY_MATRIX.md
KILTIKONET	ONLY_R35L31	docs/klt/klt03/case/CAS_ANGLE_INSTITUTIONNEL.md
KILTIKONET	ONLY_R35L31	docs/klt/klt03/guides/CANDIDATE_GUIDE.md
KILTIKONET	ONLY_R35L31	docs/klt/klt03/guides/CORRECTOR_GUIDE.md
KILTIKONET	ONLY_R35L31	docs/klt/klt03/guides/JURY_GUIDE.md
KILTIKONET	ONLY_R35L31	docs/klt/klt03/modules/M01_cartographier-lecosysteme-institutionnel.md
KILTIKONET	ONLY_R35L31	docs/klt/klt03/modules/M02_naviguer-loif.md
KILTIKONET	ONLY_R35L31	docs/klt/klt03/modules/M03_naviguer-unesco-carifesta.md
KILTIKONET	ONLY_R35L31	docs/klt/klt03/modules/M04_naviguer-dac-ctm.md
KILTIKONET	ONLY_R35L31	docs/klt/klt03/modules/M05_naviguer-fonds-europeens.md
KILTIKONET	ONLY_R35L31	docs/klt/klt03/modules/M06_negocier-une-convention.md
KILTIKONET	ONLY_R35L31	docs/klt/klt03/modules/M07_diplomatie-culturelle-et-soft-power.md
KILTIKONET	ONLY_R35L31	docs/klt/klt03/modules/M08_representer-en-instances.md
KILTIKONET	ONLY_R35L31	docs/klt/klt03/modules/M09_lobbying-culturel-ethique.md
KILTIKONET	ONLY_R35L31	docs/klt/klt03/modules/M10_reporting-et-preuve-dimpact.md
KILTIKONET	ONLY_R35L31	docs/klt/klt03/modules/M11_portefeuille-de-partenaires.md
KILTIKONET	ONLY_R35L31	docs/klt/klt03/modules/M12_negociation-finale.md
KILTIKONET	ONLY_R35L31	docs/klt/klt03/skills/EVIDENCE_MODEL.md
KILTIKONET	ONLY_R35L31	docs/klt/klt03/skills/SKILL_ID_REGISTRY.md
KILTIKONET	ONLY_R35L31	docs/klt/klt03/templates/TEMPLATES.md
KILTIKONET	ONLY_R35L31	docs/klt/klt04/00_REFERENTIEL_ET_BLUEPRINTS.md
KILTIKONET	ONLY_R35L31	docs/klt/klt04/CERTIFICATION_MODEL.md
KILTIKONET	ONLY_R35L31	docs/klt/klt04/INTEGRATION_ACADEMY_PACKAGE_NOTE.md
KILTIKONET	ONLY_R35L31	docs/klt/klt04/QUALITY_GATES.md
KILTIKONET	ONLY_R35L31	docs/klt/klt04/assessments/A01_CERTIFICATION_ASSESSMENT.md
KILTIKONET	ONLY_R35L31	docs/klt/klt04/assessments/N1_QUESTION_BANK.md
KILTIKONET	ONLY_R35L31	docs/klt/klt04/assessments/N2_EVALUATIONS.md
KILTIKONET	ONLY_R35L31	docs/klt/klt04/assessments/RUBRIC.md
KILTIKONET	ONLY_R35L31	docs/klt/klt04/case/CASE_COMPETENCY_MATRIX.md
KILTIKONET	ONLY_R35L31	docs/klt/klt04/case/CAS_ANGLE_GOUVERNANCE.md
KILTIKONET	ONLY_R35L31	docs/klt/klt04/guides/CANDIDATE_GUIDE.md
KILTIKONET	ONLY_R35L31	docs/klt/klt04/guides/CORRECTOR_GUIDE.md
KILTIKONET	ONLY_R35L31	docs/klt/klt04/guides/JURY_GUIDE.md
KILTIKONET	ONLY_R35L31	docs/klt/klt04/modules/M01_fonder-une-association-culturelle.md
KILTIKONET	ONLY_R35L31	docs/klt/klt04/modules/M02_roles-associatifs.md
KILTIKONET	ONLY_R35L31	docs/klt/klt04/modules/M03_comptabilite-associative.md
KILTIKONET	ONLY_R35L31	docs/klt/klt04/modules/M04_fiscalite-culturelle.md
KILTIKONET	ONLY_R35L31	docs/klt/klt04/modules/M05_documents-obligatoires.md
KILTIKONET	ONLY_R35L31	docs/klt/klt04/modules/M06_gestion-salariale-et-benevolat.md
KILTIKONET	ONLY_R35L31	docs/klt/klt04/modules/M07_fondamentaux-de-gouvernance.md
KILTIKONET	ONLY_R35L31	docs/klt/klt04/modules/M08_comites-et-decisions.md
KILTIKONET	ONLY_R35L31	docs/klt/klt04/modules/M09_delegations-et-mandats.md
KILTIKONET	ONLY_R35L31	docs/klt/klt04/modules/M10_conflits-dinteret-et-ethique.md
KILTIKONET	ONLY_R35L31	docs/klt/klt04/modules/M11_gouvernance-territoriale.md
KILTIKONET	ONLY_R35L31	docs/klt/klt04/modules/M12_conformite-et-responsabilite.md
KILTIKONET	ONLY_R35L31	docs/klt/klt04/modules/M13_audit-de-gouvernance.md
KILTIKONET	ONLY_R35L31	docs/klt/klt04/modules/M14_crise-de-gouvernance.md
KILTIKONET	ONLY_R35L31	docs/klt/klt04/skills/EVIDENCE_MODEL.md
KILTIKONET	ONLY_R35L31	docs/klt/klt04/skills/SKILL_ID_REGISTRY.md
KILTIKONET	ONLY_R35L31	docs/klt/klt04/templates/TEMPLATES.md
KILTIKONET	ONLY_R35L31	docs/klt/klt05/00_REFERENTIEL_ET_BLUEPRINTS.md
KILTIKONET	ONLY_R35L31	docs/klt/klt05/CERTIFICATION_MODEL.md
KILTIKONET	ONLY_R35L31	docs/klt/klt05/INTEGRATION_ACADEMY_PACKAGE_NOTE.md
KILTIKONET	ONLY_R35L31	docs/klt/klt05/QUALITY_GATES.md
KILTIKONET	ONLY_R35L31	docs/klt/klt05/assessments/A01_CERTIFICATION_ASSESSMENT.md
KILTIKONET	ONLY_R35L31	docs/klt/klt05/assessments/N1_QUESTION_BANK.md
KILTIKONET	ONLY_R35L31	docs/klt/klt05/assessments/N2_EVALUATIONS.md
KILTIKONET	ONLY_R35L31	docs/klt/klt05/assessments/RUBRIC.md
KILTIKONET	ONLY_R35L31	docs/klt/klt05/case/CASE_COMPETENCY_MATRIX.md
KILTIKONET	ONLY_R35L31	docs/klt/klt05/case/CAS_ANGLE_OPERATEUR.md
KILTIKONET	ONLY_R35L31	docs/klt/klt05/guides/CANDIDATE_GUIDE.md
KILTIKONET	ONLY_R35L31	docs/klt/klt05/guides/CORRECTOR_GUIDE.md
KILTIKONET	ONLY_R35L31	docs/klt/klt05/guides/JURY_GUIDE.md
KILTIKONET	ONLY_R35L31	docs/klt/klt05/modules/M01_architecture-kiltikonet.md
KILTIKONET	ONLY_R35L31	docs/klt/klt05/modules/M02_identites-acces-et-roles.md
KILTIKONET	ONLY_R35L31	docs/klt/klt05/modules/M03_programmes-et-contenus.md
KILTIKONET	ONLY_R35L31	docs/klt/klt05/modules/M04_participants-badges-et-scans.md
KILTIKONET	ONLY_R35L31	docs/klt/klt05/modules/M05_community-management-diaspora.md
KILTIKONET	ONLY_R35L31	docs/klt/klt05/modules/M06_moderation-culturelle.md
KILTIKONET	ONLY_R35L31	docs/klt/klt05/modules/M07_communaute-et-support.md
KILTIKONET	ONLY_R35L31	docs/klt/klt05/modules/M08_partenariats-et-operations-evenementielles.md
KILTIKONET	ONLY_R35L31	docs/klt/klt05/modules/M09_data-lineage-et-reporting.md
KILTIKONET	ONLY_R35L31	docs/klt/klt05/modules/M10_incident-et-continuite.md
KILTIKONET	ONLY_R35L31	docs/klt/klt05/modules/M11_operation-complete.md
KILTIKONET	ONLY_R35L31	docs/klt/klt05/skills/EVIDENCE_MODEL.md
KILTIKONET	ONLY_R35L31	docs/klt/klt05/skills/SKILL_ID_REGISTRY.md
KILTIKONET	ONLY_R35L31	docs/klt/klt05/templates/TEMPLATES.md
KILTIKONET	ONLY_R35L31	docs/klt/klt06/00_REFERENTIEL_ET_BLUEPRINTS.md
KILTIKONET	ONLY_R35L31	docs/klt/klt06/CERTIFICATION_MODEL.md
KILTIKONET	ONLY_R35L31	docs/klt/klt06/INTEGRATION_ACADEMY_PACKAGE_NOTE.md
KILTIKONET	ONLY_R35L31	docs/klt/klt06/QUALITY_GATES.md
KILTIKONET	ONLY_R35L31	docs/klt/klt06/assessments/A01_CERTIFICATION_ASSESSMENT.md
KILTIKONET	ONLY_R35L31	docs/klt/klt06/assessments/N1_QUESTION_BANK.md
KILTIKONET	ONLY_R35L31	docs/klt/klt06/assessments/N2_EVALUATIONS.md
KILTIKONET	ONLY_R35L31	docs/klt/klt06/assessments/RUBRIC.md
KILTIKONET	ONLY_R35L31	docs/klt/klt06/case/CASE_COMPETENCY_MATRIX.md
KILTIKONET	ONLY_R35L31	docs/klt/klt06/case/CAS_ANGLE_OBSERVATORY.md
KILTIKONET	ONLY_R35L31	docs/klt/klt06/guides/CANDIDATE_GUIDE.md
KILTIKONET	ONLY_R35L31	docs/klt/klt06/guides/CORRECTOR_GUIDE.md
KILTIKONET	ONLY_R35L31	docs/klt/klt06/guides/JURY_GUIDE.md
KILTIKONET	ONLY_R35L31	docs/klt/klt06/modules/M01_objet-et-methode-dun-observatoire.md
KILTIKONET	ONLY_R35L31	docs/klt/klt06/modules/M02_provenance-et-fiabilite-dun-signal.md
KILTIKONET	ONLY_R35L31	docs/klt/klt06/modules/M03_specifier-un-besoin-de-donnees.md
KILTIKONET	ONLY_R35L31	docs/klt/klt06/modules/M04_ethique-et-confidentialite-des-donnees.md
KILTIKONET	ONLY_R35L31	docs/klt/klt06/modules/M05_construire-tableau-de-bord-observatory.md
KILTIKONET	ONLY_R35L31	docs/klt/klt06/modules/M06_interpreter-signaux-territoriaux.md
KILTIKONET	ONLY_R35L31	docs/klt/klt06/modules/M07_restituer-a-un-public-non-specialiste.md
KILTIKONET	ONLY_R35L31	docs/klt/klt06/modules/MODULES_STATUS.md
KILTIKONET	ONLY_R35L31	docs/klt/klt06/skills/EVIDENCE_MODEL.md
KILTIKONET	ONLY_R35L31	docs/klt/klt06/skills/SKILL_ID_REGISTRY.md
KILTIKONET	ONLY_R35L31	docs/klt/klt06/templates/TEMPLATES.md
KILTIKONET	ONLY_R35L31	docs/klt/klt07/00_REFERENTIEL_ET_BLUEPRINTS.md
KILTIKONET	ONLY_R35L31	docs/klt/klt07/CERTIFICATION_MODEL.md
KILTIKONET	ONLY_R35L31	docs/klt/klt07/INTEGRATION_ACADEMY_PACKAGE_NOTE.md
KILTIKONET	ONLY_R35L31	docs/klt/klt07/QUALITY_GATES.md
KILTIKONET	ONLY_R35L31	docs/klt/klt07/assessments/A01_CERTIFICATION_ASSESSMENT.md
KILTIKONET	ONLY_R35L31	docs/klt/klt07/assessments/N1_QUESTION_BANK.md
KILTIKONET	ONLY_R35L31	docs/klt/klt07/assessments/N2_EVALUATIONS.md
KILTIKONET	ONLY_R35L31	docs/klt/klt07/assessments/RUBRIC.md
KILTIKONET	ONLY_R35L31	docs/klt/klt07/case/CASE_COMPETENCY_MATRIX.md
KILTIKONET	ONLY_R35L31	docs/klt/klt07/case/CAS_ANGLE_DEPLOIEMENT.md
KILTIKONET	ONLY_R35L31	docs/klt/klt07/guides/CANDIDATE_GUIDE.md
KILTIKONET	ONLY_R35L31	docs/klt/klt07/guides/CORRECTOR_GUIDE.md
KILTIKONET	ONLY_R35L31	docs/klt/klt07/guides/JURY_GUIDE.md
KILTIKONET	ONLY_R35L31	docs/klt/klt07/modules/M01_ecosysteme-territorial-kiltikonet.md
KILTIKONET	ONLY_R35L31	docs/klt/klt07/modules/M02_deploiement-vs-gouvernance-associative.md
KILTIKONET	ONLY_R35L31	docs/klt/klt07/modules/M03_structurer-lonboarding-operateur.md
KILTIKONET	ONLY_R35L31	docs/klt/klt07/modules/M04_suivre-couverture-territoriale.md
KILTIKONET	ONLY_R35L31	docs/klt/klt07/modules/M05_gerer-la-relation-operateur.md
KILTIKONET	ONLY_R35L31	docs/klt/klt07/modules/M06_evaluer-la-faisabilite-dune-extension.md
KILTIKONET	ONLY_R35L31	docs/klt/klt07/modules/M07_documenter-et-remonter-un-incident.md
KILTIKONET	ONLY_R35L31	docs/klt/klt07/modules/MODULES_STATUS.md
KILTIKONET	ONLY_R35L31	docs/klt/klt07/skills/EVIDENCE_MODEL.md
KILTIKONET	ONLY_R35L31	docs/klt/klt07/skills/SKILL_ID_REGISTRY.md
KILTIKONET	ONLY_R35L31	docs/klt/klt07/templates/TEMPLATES.md
KILTIKONET	ONLY_R35L31	docs/klt/klt08/00_REFERENTIEL_ET_BLUEPRINTS.md
KILTIKONET	ONLY_R35L31	docs/klt/klt08/CERTIFICATION_MODEL.md
KILTIKONET	ONLY_R35L31	docs/klt/klt08/INTEGRATION_ACADEMY_PACKAGE_NOTE.md
KILTIKONET	ONLY_R35L31	docs/klt/klt08/QUALITY_GATES.md
KILTIKONET	ONLY_R35L31	docs/klt/klt08/assessments/A01_CERTIFICATION_ASSESSMENT.md
KILTIKONET	ONLY_R35L31	docs/klt/klt08/assessments/N1_QUESTION_BANK.md
KILTIKONET	ONLY_R35L31	docs/klt/klt08/assessments/N2_EVALUATIONS.md
KILTIKONET	ONLY_R35L31	docs/klt/klt08/assessments/RUBRIC.md
KILTIKONET	ONLY_R35L31	docs/klt/klt08/case/CASE_COMPETENCY_MATRIX.md
KILTIKONET	ONLY_R35L31	docs/klt/klt08/case/CAS_ANGLE_AUDIT_RESEAU.md
KILTIKONET	ONLY_R35L31	docs/klt/klt08/guides/CANDIDATE_GUIDE.md
KILTIKONET	ONLY_R35L31	docs/klt/klt08/guides/CORRECTOR_GUIDE.md
KILTIKONET	ONLY_R35L31	docs/klt/klt08/guides/JURY_GUIDE.md
KILTIKONET	ONLY_R35L31	docs/klt/klt08/modules/M01_audit-association-vs-audit-reseau.md
KILTIKONET	ONLY_R35L31	docs/klt/klt08/modules/M02_concevoir-une-grille-daudit-reseau.md
KILTIKONET	ONLY_R35L31	docs/klt/klt08/modules/M03_consolider-des-audits-individuels.md
KILTIKONET	ONLY_R35L31	docs/klt/klt08/modules/M04_suivre-conformite-reseau-agregee.md
KILTIKONET	ONLY_R35L31	docs/klt/klt08/modules/M05_former-les-operateurs-a-la-conformite.md
KILTIKONET	ONLY_R35L31	docs/klt/klt08/modules/M06_recommander-sans-decider.md
KILTIKONET	ONLY_R35L31	docs/klt/klt08/modules/M07_documenter-et-escalader-une-non-conformite.md
KILTIKONET	ONLY_R35L31	docs/klt/klt08/modules/MODULES_STATUS.md
KILTIKONET	ONLY_R35L31	docs/klt/klt08/skills/EVIDENCE_MODEL.md
KILTIKONET	ONLY_R35L31	docs/klt/klt08/skills/SKILL_ID_REGISTRY.md
KILTIKONET	ONLY_R35L31	docs/klt/klt08/templates/TEMPLATES.md
KILTIKONET	ONLY_R35L31	docs/klt/klt13/00_REFERENTIEL_ET_BLUEPRINTS.md
KILTIKONET	ONLY_R35L31	docs/klt/klt13/CERTIFICATION_MODEL.md
KILTIKONET	ONLY_R35L31	docs/klt/klt13/INTEGRATION_ACADEMY_PACKAGE_NOTE.md
KILTIKONET	ONLY_R35L31	docs/klt/klt13/QUALITY_GATES.md
KILTIKONET	ONLY_R35L31	docs/klt/klt13/assessments/A01_CERTIFICATION_ASSESSMENT.md
KILTIKONET	ONLY_R35L31	docs/klt/klt13/assessments/N1_QUESTION_BANK.md
KILTIKONET	ONLY_R35L31	docs/klt/klt13/assessments/N2_EVALUATIONS.md
KILTIKONET	ONLY_R35L31	docs/klt/klt13/assessments/RUBRIC.md
KILTIKONET	ONLY_R35L31	docs/klt/klt13/case/CASE_COMPETENCY_MATRIX.md
KILTIKONET	ONLY_R35L31	docs/klt/klt13/case/CAS_ANGLE_ACCREDITATION.md
KILTIKONET	ONLY_R35L31	docs/klt/klt13/guides/CANDIDATE_GUIDE.md
KILTIKONET	ONLY_R35L31	docs/klt/klt13/guides/CORRECTOR_GUIDE.md
KILTIKONET	ONLY_R35L31	docs/klt/klt13/guides/JURY_GUIDE.md
KILTIKONET	ONLY_R35L31	docs/klt/klt13/modules/M01_concevoir-un-dispositif-daccreditation-terrain.md
KILTIKONET	ONLY_R35L31	docs/klt/klt13/modules/M02_etudier-un-precedent-reel-de-controle-dacces.md
KILTIKONET	ONLY_R35L31	docs/klt/klt13/modules/M03_specifier-un-protocole-nfc-en-connaissance-de-ses-limites.md
KILTIKONET	ONLY_R35L31	docs/klt/klt13/modules/M04_gerer-un-incident-daccreditation-terrain.md
KILTIKONET	ONLY_R35L31	docs/klt/klt13/modules/M05_restituer-un-bilan-daccreditation-terrain.md
KILTIKONET	ONLY_R35L31	docs/klt/klt13/skills/EVIDENCE_MODEL.md
KILTIKONET	ONLY_R35L31	docs/klt/klt13/skills/SKILL_ID_REGISTRY.md
KILTIKONET	ONLY_R35L31	docs/klt/klt13/templates/TEMPLATES.md
KILTIKONET	ONLY_R35L31	docs/klt/klt18/00_REFERENTIEL_ET_BLUEPRINTS.md
KILTIKONET	ONLY_R35L31	docs/klt/klt18/CERTIFICATION_MODEL.md
KILTIKONET	ONLY_R35L31	docs/klt/klt18/INTEGRATION_ACADEMY_PACKAGE_NOTE.md
KILTIKONET	ONLY_R35L31	docs/klt/klt18/QUALITY_GATES.md
KILTIKONET	ONLY_R35L31	docs/klt/klt18/assessments/A01_CERTIFICATION_ASSESSMENT.md
KILTIKONET	ONLY_R35L31	docs/klt/klt18/assessments/N1_QUESTION_BANK.md
KILTIKONET	ONLY_R35L31	docs/klt/klt18/assessments/N2_EVALUATIONS.md
KILTIKONET	ONLY_R35L31	docs/klt/klt18/assessments/RUBRIC.md
KILTIKONET	ONLY_R35L31	docs/klt/klt18/case/CASE_COMPETENCY_MATRIX.md
KILTIKONET	ONLY_R35L31	docs/klt/klt18/case/CAS_ANGLE_CAMPAGNE.md
KILTIKONET	ONLY_R35L31	docs/klt/klt18/guides/CANDIDATE_GUIDE.md
KILTIKONET	ONLY_R35L31	docs/klt/klt18/guides/CORRECTOR_GUIDE.md
KILTIKONET	ONLY_R35L31	docs/klt/klt18/guides/JURY_GUIDE.md
KILTIKONET	ONLY_R35L31	docs/klt/klt18/modules/M01_concevoir-une-strategie-de-campagne.md
KILTIKONET	ONLY_R35L31	docs/klt/klt18/modules/M02_decliner-une-campagne-multi-canal.md
KILTIKONET	ONLY_R35L31	docs/klt/klt18/modules/M03_gerer-une-communication-de-crise.md
KILTIKONET	ONLY_R35L31	docs/klt/klt18/modules/M04_mesurer-limpact-reel-dune-campagne.md
KILTIKONET	ONLY_R35L31	docs/klt/klt18/modules/M05_restituer-une-revue-de-campagne.md
KILTIKONET	ONLY_R35L31	docs/klt/klt18/skills/EVIDENCE_MODEL.md
KILTIKONET	ONLY_R35L31	docs/klt/klt18/skills/SKILL_ID_REGISTRY.md
KILTIKONET	ONLY_R35L31	docs/klt/klt18/templates/TEMPLATES.md
KORA	ONLY_R35L31	backend/kor_canonical/__init__.py
KORA	ONLY_R35L31	backend/kor_canonical/import_pipeline.py
KORA	ONLY_R35L31	backend/kor_canonical/models.py
KORA	ONLY_R35L31	backend/kor_canonical/parser.py
KORA	ONLY_R35L31	backend/kor_canonical/progress.py
KORA	ONLY_R35L31	backend/kor_canonical/provenance.py
KORA	ONLY_R35L31	backend/kor_canonical/read_model.py
KORA	ONLY_R35L31	backend/kor_canonical/rubric_import.py
KORA	ONLY_R35L31	docs/KORA_KOR0001_CANONICAL_EDUCATION_MAP.md
KORA	ONLY_R35L31	docs/KORA_KOR0002_LEGACY_CANONICAL_RECONCILIATION.md
KORA	ONLY_R35L31	docs/KORA_KOR0003_0004_BUILD_REPORT.md
KORA	ONLY_R35L31	docs/KORA_PRODUCT_CAPABILITY_GAP_MAP.md
KORA	ONLY_R35L31	docs/cvln_academy_master/30_INTERNAL/KORA_OP_X_RECONCILIATION.md
KORA	ONLY_R35L31	docs/kor/README.md
KORA	ONLY_R35L31	docs/kor/kor01/00_BLUEPRINTS.md
KORA	ONLY_R35L31	docs/kor/kor01/CERTIFICATION_MODEL.md
KORA	ONLY_R35L31	docs/kor/kor01/INTEGRATION_ACADEMY_PACKAGE_NOTE.md
KORA	ONLY_R35L31	docs/kor/kor01/QUALITY_GATES.md
KORA	ONLY_R35L31	docs/kor/kor01/assessments/A01_CERTIFICATION_ASSESSMENT.md
KORA	ONLY_R35L31	docs/kor/kor01/assessments/N1_QUESTION_BANK.md
KORA	ONLY_R35L31	docs/kor/kor01/assessments/N2_EVALUATIONS.md
KORA	ONLY_R35L31	docs/kor/kor01/assessments/RUBRIC.md
KORA	ONLY_R35L31	docs/kor/kor01/case/CASE_COMPETENCY_MATRIX.md
KORA	ONLY_R35L31	docs/kor/kor01/case/CAS_FIL_ROUGE.md
KORA	ONLY_R35L31	docs/kor/kor01/guides/CANDIDATE_GUIDE.md
KORA	ONLY_R35L31	docs/kor/kor01/guides/CORRECTOR_GUIDE.md
KORA	ONLY_R35L31	docs/kor/kor01/guides/JURY_GUIDE.md
KORA	ONLY_R35L31	docs/kor/kor01/modules/M01_le-paysage-podcast-caribeen.md
KORA	ONLY_R35L31	docs/kor/kor01/modules/M02_choisir-sujet-format-cadence.md
KORA	ONLY_R35L31	docs/kor/kor01/modules/M03_ecrire-un-script-episode.md
KORA	ONLY_R35L31	docs/kor/kor01/modules/M04_conduire-une-interview.md
KORA	ONLY_R35L31	docs/kor/kor01/modules/M05_prise-de-son.md
KORA	ONLY_R35L31	docs/kor/kor01/modules/M06_montage-episode.md
KORA	ONLY_R35L31	docs/kor/kor01/modules/M07_sound-design-ambiances.md
KORA	ONLY_R35L31	docs/kor/kor01/modules/M08_mix-et-mastering.md
KORA	ONLY_R35L31	docs/kor/kor01/modules/M09_identite-sonore-generique.md
KORA	ONLY_R35L31	docs/kor/kor01/modules/M10_distribution-hebergeurs-rss-dsp.md
KORA	ONLY_R35L31	docs/kor/kor01/modules/M11_publier-et-referencer.md
KORA	ONLY_R35L31	docs/kor/kor01/modules/M12_construire-une-audience.md
KORA	ONLY_R35L31	docs/kor/kor01/modules/M13_croissance-sponsors-monetisation.md
KORA	ONLY_R35L31	docs/kor/kor01/modules/M14_synthese-et-certification.md
KORA	ONLY_R35L31	docs/kor/kor01/skills/EVIDENCE_MODEL.md
KORA	ONLY_R35L31	docs/kor/kor01/skills/SKILL_ID_REGISTRY.md
KORA	ONLY_R35L31	docs/kor/kor01/templates/TEMPLATES.md
KORA	ONLY_R35L31	docs/kor/kor02/00_BLUEPRINTS.md
KORA	ONLY_R35L31	docs/kor/kor02/CERTIFICATION_MODEL.md
KORA	ONLY_R35L31	docs/kor/kor02/INTEGRATION_ACADEMY_PACKAGE_NOTE.md
KORA	ONLY_R35L31	docs/kor/kor02/QUALITY_GATES.md
KORA	ONLY_R35L31	docs/kor/kor02/assessments/A01_CERTIFICATION_ASSESSMENT.md
KORA	ONLY_R35L31	docs/kor/kor02/assessments/N1_QUESTION_BANK.md
KORA	ONLY_R35L31	docs/kor/kor02/assessments/N2_EVALUATIONS.md
KORA	ONLY_R35L31	docs/kor/kor02/assessments/RUBRIC.md
KORA	ONLY_R35L31	docs/kor/kor02/case/CASE_COMPETENCY_MATRIX.md
KORA	ONLY_R35L31	docs/kor/kor02/case/CAS_FIL_ROUGE.md
KORA	ONLY_R35L31	docs/kor/kor02/guides/CANDIDATE_GUIDE.md
KORA	ONLY_R35L31	docs/kor/kor02/guides/CORRECTOR_GUIDE.md
KORA	ONLY_R35L31	docs/kor/kor02/guides/JURY_GUIDE.md
KORA	ONLY_R35L31	docs/kor/kor02/modules/M01_journalisme-culturel-aujourdhui.md
KORA	ONLY_R35L31	docs/kor/kor02/modules/M02_sources-verification-fact-checking.md
KORA	ONLY_R35L31	docs/kor/kor02/modules/M03_trouver-et-defendre-un-angle.md
KORA	ONLY_R35L31	docs/kor/kor02/modules/M04_conduire-une-interview-journalistique.md
KORA	ONLY_R35L31	docs/kor/kor02/modules/M05_ecriture-longue.md
KORA	ONLY_R35L31	docs/kor/kor02/modules/M06_construire-la-narration-culturelle.md
KORA	ONLY_R35L31	docs/kor/kor02/modules/M07_multiformats.md
KORA	ONLY_R35L31	docs/kor/kor02/modules/M08_ethique-et-deontologie.md
KORA	ONLY_R35L31	docs/kor/kor02/modules/M09_representation.md
KORA	ONLY_R35L31	docs/kor/kor02/modules/M10_diffusion-kora-et-coproductions.md
KORA	ONLY_R35L31	docs/kor/kor02/modules/M11_portfolio-et-signature.md
KORA	ONLY_R35L31	docs/kor/kor02/modules/M12_synthese-et-certification.md
KORA	ONLY_R35L31	docs/kor/kor02/skills/EVIDENCE_MODEL.md
KORA	ONLY_R35L31	docs/kor/kor02/skills/SKILL_ID_REGISTRY.md
KORA	ONLY_R35L31	docs/kor/kor02/templates/TEMPLATES.md
KORA	ONLY_R35L31	docs/kor/kor03/00_BLUEPRINTS.md
KORA	ONLY_R35L31	docs/kor/kor03/CERTIFICATION_MODEL.md
KORA	ONLY_R35L31	docs/kor/kor03/INTEGRATION_ACADEMY_PACKAGE_NOTE.md
KORA	ONLY_R35L31	docs/kor/kor03/QUALITY_GATES.md
KORA	ONLY_R35L31	docs/kor/kor03/REFERENTIAL.md
KORA	ONLY_R35L31	docs/kor/kor03/assessments/A01_CERTIFICATION_ASSESSMENT.md
KORA	ONLY_R35L31	docs/kor/kor03/assessments/N1_QUESTION_BANK.md
KORA	ONLY_R35L31	docs/kor/kor03/assessments/N2_EVALUATIONS.md
KORA	ONLY_R35L31	docs/kor/kor03/assessments/RUBRIC.md
KORA	ONLY_R35L31	docs/kor/kor03/case/CASE.md
KORA	ONLY_R35L31	docs/kor/kor03/case/CASE_COMPETENCY_MATRIX.md
KORA	ONLY_R35L31	docs/kor/kor03/case/TRACEABILITY_MATRIX.md
KORA	ONLY_R35L31	docs/kor/kor03/guides/CANDIDATE_GUIDE.md
KORA	ONLY_R35L31	docs/kor/kor03/guides/CORRECTOR_GUIDE.md
KORA	ONLY_R35L31	docs/kor/kor03/guides/JURY_GUIDE.md
KORA	ONLY_R35L31	docs/kor/kor03/modules/M01_panorama-video-streaming-diagnostic.md
KORA	ONLY_R35L31	docs/kor/kor03/modules/M02_preproduction-ecriture-image.md
KORA	ONLY_R35L31	docs/kor/kor03/modules/M03_eclairer-sonoriser-plateau.md
KORA	ONLY_R35L31	docs/kor/kor03/modules/M04_tourner-single-cam.md
KORA	ONLY_R35L31	docs/kor/kor03/modules/M05_tourner-realiser-multicam.md
KORA	ONLY_R35L31	docs/kor/kor03/modules/M06_diriger-une-regie.md
KORA	ONLY_R35L31	docs/kor/kor03/modules/M07_monter-une-video.md
KORA	ONLY_R35L31	docs/kor/kor03/modules/M08_postproduire.md
KORA	ONLY_R35L31	docs/kor/kor03/modules/M09_encoder-livraison.md
KORA	ONLY_R35L31	docs/kor/kor03/modules/M10_publier-controler-qualite.md
KORA	ONLY_R35L31	docs/kor/kor03/modules/M11_synthese-et-certification.md
KORA	ONLY_R35L31	docs/kor/kor03/skills/EVIDENCE_MODEL.md
KORA	ONLY_R35L31	docs/kor/kor03/skills/SKILL_ID_REGISTRY.md
KORA	ONLY_R35L31	docs/kor/kor03/templates/TEMPLATES.md
KORA	ONLY_R35L31	docs/kor/kor04/00_BLUEPRINTS.md
KORA	ONLY_R35L31	docs/kor/kor04/CERTIFICATION_MODEL.md
KORA	ONLY_R35L31	docs/kor/kor04/INTEGRATION_ACADEMY_PACKAGE_NOTE.md
KORA	ONLY_R35L31	docs/kor/kor04/QUALITY_GATES.md
KORA	ONLY_R35L31	docs/kor/kor04/REFERENTIAL.md
KORA	ONLY_R35L31	docs/kor/kor04/assessments/A01_CERTIFICATION_ASSESSMENT.md
KORA	ONLY_R35L31	docs/kor/kor04/assessments/N1_QUESTION_BANK.md
KORA	ONLY_R35L31	docs/kor/kor04/assessments/N2_EVALUATIONS.md
KORA	ONLY_R35L31	docs/kor/kor04/assessments/RUBRIC.md
KORA	ONLY_R35L31	docs/kor/kor04/case/CASE.md
KORA	ONLY_R35L31	docs/kor/kor04/case/CASE_COMPETENCY_MATRIX.md
KORA	ONLY_R35L31	docs/kor/kor04/case/TRACEABILITY_MATRIX.md
KORA	ONLY_R35L31	docs/kor/kor04/guides/CANDIDATE_GUIDE.md
KORA	ONLY_R35L31	docs/kor/kor04/guides/CORRECTOR_GUIDE.md
KORA	ONLY_R35L31	docs/kor/kor04/guides/JURY_GUIDE.md
KORA	ONLY_R35L31	docs/kor/kor04/modules/M01_diagnostiquer-ligne-editoriale.md
KORA	ONLY_R35L31	docs/kor/kor04/modules/M02_connaitre-segmenter-publics.md
KORA	ONLY_R35L31	docs/kor/kor04/modules/M03_construire-calendrier-cycles.md
KORA	ONLY_R35L31	docs/kor/kor04/modules/M04_curer-playlists.md
KORA	ONLY_R35L31	docs/kor/kor04/modules/M05_garantir-diversite-culturelle.md
KORA	ONLY_R35L31	docs/kor/kor04/modules/M06_contextualiser-nouveau-public.md
KORA	ONLY_R35L31	docs/kor/kor04/modules/M07_recommander-editorialement.md
KORA	ONLY_R35L31	docs/kor/kor04/modules/M08_programmer-evenement-mesurer.md
KORA	ONLY_R35L31	docs/kor/kor04/modules/M09_synthese-et-certification.md
KORA	ONLY_R35L31	docs/kor/kor04/skills/EVIDENCE_MODEL.md
KORA	ONLY_R35L31	docs/kor/kor04/skills/SKILL_ID_REGISTRY.md
KORA	ONLY_R35L31	docs/kor/kor04/templates/TEMPLATES.md
KORA	ONLY_R35L31	docs/kor/kor05/00_BLUEPRINTS.md
KORA	ONLY_R35L31	docs/kor/kor05/CERTIFICATION_MODEL.md
KORA	ONLY_R35L31	docs/kor/kor05/INTEGRATION_ACADEMY_PACKAGE_NOTE.md
KORA	ONLY_R35L31	docs/kor/kor05/QUALITY_GATES.md
KORA	ONLY_R35L31	docs/kor/kor05/REFERENTIAL.md
KORA	ONLY_R35L31	docs/kor/kor05/assessments/A01_CERTIFICATION_ASSESSMENT.md
KORA	ONLY_R35L31	docs/kor/kor05/assessments/N1_QUESTION_BANK.md
KORA	ONLY_R35L31	docs/kor/kor05/assessments/N2_EVALUATIONS.md
KORA	ONLY_R35L31	docs/kor/kor05/assessments/RUBRIC.md
KORA	ONLY_R35L31	docs/kor/kor05/case/CASE.md
KORA	ONLY_R35L31	docs/kor/kor05/case/CASE_COMPETENCY_MATRIX.md
KORA	ONLY_R35L31	docs/kor/kor05/case/TRACEABILITY_MATRIX.md
KORA	ONLY_R35L31	docs/kor/kor05/guides/CANDIDATE_GUIDE.md
KORA	ONLY_R35L31	docs/kor/kor05/guides/CORRECTOR_GUIDE.md
KORA	ONLY_R35L31	docs/kor/kor05/guides/JURY_GUIDE.md
KORA	ONLY_R35L31	docs/kor/kor05/modules/M01_diagnostiquer-besoins-operationnels.md
KORA	ONLY_R35L31	docs/kor/kor05/modules/M02_onboarder-un-createur.md
KORA	ONLY_R35L31	docs/kor/kor05/modules/M03_gerer-profil-ingestion.md
KORA	ONLY_R35L31	docs/kor/kor05/modules/M04_controler-qualite-technique.md
KORA	ONLY_R35L31	docs/kor/kor05/modules/M05_publier-calendrier-releases.md
KORA	ONLY_R35L31	docs/kor/kor05/modules/M06_corrections-iterations.md
KORA	ONLY_R35L31	docs/kor/kor05/modules/M07_support-createur.md
KORA	ONLY_R35L31	docs/kor/kor05/modules/M08_workflow-editorial-catalogue.md
KORA	ONLY_R35L31	docs/kor/kor05/modules/M09_incidents-reporting.md
KORA	ONLY_R35L31	docs/kor/kor05/modules/M10_synthese-et-certification.md
KORA	ONLY_R35L31	docs/kor/kor05/skills/EVIDENCE_MODEL.md
KORA	ONLY_R35L31	docs/kor/kor05/skills/SKILL_ID_REGISTRY.md
KORA	ONLY_R35L31	docs/kor/kor05/templates/TEMPLATES.md
KORA	ONLY_R35L31	docs/kor/kor06/00_BLUEPRINTS.md
KORA	ONLY_R35L31	docs/kor/kor06/CERTIFICATION_MODEL.md
KORA	ONLY_R35L31	docs/kor/kor06/INTEGRATION_ACADEMY_PACKAGE_NOTE.md
KORA	ONLY_R35L31	docs/kor/kor06/QUALITY_GATES.md
KORA	ONLY_R35L31	docs/kor/kor06/REFERENTIAL.md
KORA	ONLY_R35L31	docs/kor/kor06/assessments/A01_CERTIFICATION_ASSESSMENT.md
KORA	ONLY_R35L31	docs/kor/kor06/assessments/N1_QUESTION_BANK.md
KORA	ONLY_R35L31	docs/kor/kor06/assessments/N2_EVALUATIONS.md
KORA	ONLY_R35L31	docs/kor/kor06/assessments/RUBRIC.md
KORA	ONLY_R35L31	docs/kor/kor06/case/CASE.md
KORA	ONLY_R35L31	docs/kor/kor06/case/CASE_COMPETENCY_MATRIX.md
KORA	ONLY_R35L31	docs/kor/kor06/case/TRACEABILITY_MATRIX.md
KORA	ONLY_R35L31	docs/kor/kor06/guides/CANDIDATE_GUIDE.md
KORA	ONLY_R35L31	docs/kor/kor06/guides/CORRECTOR_GUIDE.md
KORA	ONLY_R35L31	docs/kor/kor06/guides/JURY_GUIDE.md
KORA	ONLY_R35L31	docs/kor/kor06/modules/M01_comprendre-fonctionnement-dsp.md
KORA	ONLY_R35L31	docs/kor/kor06/modules/M02_modeliser-chaine-ingestion-delivery.md
KORA	ONLY_R35L31	docs/kor/kor06/modules/M03_exploiter-quotidiennement-disponibilite.md
KORA	ONLY_R35L31	docs/kor/kor06/modules/M04_player-cdn-concepts.md
KORA	ONLY_R35L31	docs/kor/kor06/modules/M05_definir-sla-slo.md
KORA	ONLY_R35L31	docs/kor/kor06/modules/M06_gerer-incident-escalade.md
KORA	ONLY_R35L31	docs/kor/kor06/modules/M07_monitorer-continuite.md
KORA	ONLY_R35L31	docs/kor/kor06/modules/M08_operer-multi-territoires.md
KORA	ONLY_R35L31	docs/kor/kor06/modules/M09_synthese-et-certification.md
KORA	ONLY_R35L31	docs/kor/kor06/skills/EVIDENCE_MODEL.md
KORA	ONLY_R35L31	docs/kor/kor06/skills/SKILL_ID_REGISTRY.md
KORA	ONLY_R35L31	docs/kor/kor06/templates/TEMPLATES.md
KORA	ONLY_R35L31	docs/kor/kor07/00_BLUEPRINTS.md
KORA	ONLY_R35L31	docs/kor/kor07/CERTIFICATION_MODEL.md
KORA	ONLY_R35L31	docs/kor/kor07/INTEGRATION_ACADEMY_PACKAGE_NOTE.md
KORA	ONLY_R35L31	docs/kor/kor07/QUALITY_GATES.md
KORA	ONLY_R35L31	docs/kor/kor07/REFERENTIAL.md
KORA	ONLY_R35L31	docs/kor/kor07/assessments/A01_CERTIFICATION_ASSESSMENT.md
KORA	ONLY_R35L31	docs/kor/kor07/assessments/N1_QUESTION_BANK.md
KORA	ONLY_R35L31	docs/kor/kor07/assessments/N2_EVALUATIONS.md
KORA	ONLY_R35L31	docs/kor/kor07/assessments/RUBRIC.md
KORA	ONLY_R35L31	docs/kor/kor07/case/CASE.md
KORA	ONLY_R35L31	docs/kor/kor07/case/CASE_COMPETENCY_MATRIX.md
KORA	ONLY_R35L31	docs/kor/kor07/case/TRACEABILITY_MATRIX.md
KORA	ONLY_R35L31	docs/kor/kor07/guides/CANDIDATE_GUIDE.md
KORA	ONLY_R35L31	docs/kor/kor07/guides/CORRECTOR_GUIDE.md
KORA	ONLY_R35L31	docs/kor/kor07/guides/JURY_GUIDE.md
KORA	ONLY_R35L31	docs/kor/kor07/modules/M01_diagnostiquer-situation-droits.md
KORA	ONLY_R35L31	docs/kor/kor07/modules/M02_licences-masters-publishing.md
KORA	ONLY_R35L31	docs/kor/kor07/modules/M03_territoires-fenetres-exploitation.md
KORA	ONLY_R35L31	docs/kor/kor07/modules/M04_exclusivites-clearances.md
KORA	ONLY_R35L31	docs/kor/kor07/modules/M05_lire-analyser-contrat.md
KORA	ONLY_R35L31	docs/kor/kor07/modules/M06_gerer-takedown.md
KORA	ONLY_R35L31	docs/kor/kor07/modules/M07_royalties-reporting.md
KORA	ONLY_R35L31	docs/kor/kor07/modules/M08_cadre-distribution-internationale.md
KORA	ONLY_R35L31	docs/kor/kor07/modules/M09_synthese-et-certification.md
KORA	ONLY_R35L31	docs/kor/kor07/skills/EVIDENCE_MODEL.md
KORA	ONLY_R35L31	docs/kor/kor07/skills/SKILL_ID_REGISTRY.md
KORA	ONLY_R35L31	docs/kor/kor07/templates/TEMPLATES.md
KORA	ONLY_R35L31	docs/kor/kor08/00_BLUEPRINTS.md
KORA	ONLY_R35L31	docs/kor/kor08/CERTIFICATION_MODEL.md
KORA	ONLY_R35L31	docs/kor/kor08/INTEGRATION_ACADEMY_PACKAGE_NOTE.md
KORA	ONLY_R35L31	docs/kor/kor08/QUALITY_GATES.md
KORA	ONLY_R35L31	docs/kor/kor08/REFERENTIAL.md
KORA	ONLY_R35L31	docs/kor/kor08/assessments/A01_CERTIFICATION_ASSESSMENT.md
KORA	ONLY_R35L31	docs/kor/kor08/assessments/N1_QUESTION_BANK.md
KORA	ONLY_R35L31	docs/kor/kor08/assessments/N2_EVALUATIONS.md
KORA	ONLY_R35L31	docs/kor/kor08/assessments/RUBRIC.md
KORA	ONLY_R35L31	docs/kor/kor08/case/CASE.md
KORA	ONLY_R35L31	docs/kor/kor08/case/CASE_COMPETENCY_MATRIX.md
KORA	ONLY_R35L31	docs/kor/kor08/case/TRACEABILITY_MATRIX.md
KORA	ONLY_R35L31	docs/kor/kor08/guides/CANDIDATE_GUIDE.md
KORA	ONLY_R35L31	docs/kor/kor08/guides/CORRECTOR_GUIDE.md
KORA	ONLY_R35L31	docs/kor/kor08/guides/JURY_GUIDE.md
KORA	ONLY_R35L31	docs/kor/kor08/modules/M01_diagnostiquer-perimetre-metadonnees.md
KORA	ONLY_R35L31	docs/kor/kor08/modules/M02_utiliser-ids-taxonomies-existants.md
KORA	ONLY_R35L31	docs/kor/kor08/modules/M03_gerer-credits-contributeurs.md
KORA	ONLY_R35L31	docs/kor/kor08/modules/M04_normaliser-genres-langues-territoires.md
KORA	ONLY_R35L31	docs/kor/kor08/modules/M05_modeliser-entree-catalogue.md
KORA	ONLY_R35L31	docs/kor/kor08/modules/M06_enrichir-culturellement.md
KORA	ONLY_R35L31	docs/kor/kor08/modules/M07_controler-qualite-donnee.md
KORA	ONLY_R35L31	docs/kor/kor08/modules/M08_optimiser-decouvrabilite.md
KORA	ONLY_R35L31	docs/kor/kor08/modules/M09_synthese-et-certification.md
KORA	ONLY_R35L31	docs/kor/kor08/skills/EVIDENCE_MODEL.md
KORA	ONLY_R35L31	docs/kor/kor08/skills/SKILL_ID_REGISTRY.md
KORA	ONLY_R35L31	docs/kor/kor08/templates/TEMPLATES.md
KORA	ONLY_R35L31	docs/kor/kor09/00_BLUEPRINTS.md
KORA	ONLY_R35L31	docs/kor/kor09/CERTIFICATION_MODEL.md
KORA	ONLY_R35L31	docs/kor/kor09/INTEGRATION_ACADEMY_PACKAGE_NOTE.md
KORA	ONLY_R35L31	docs/kor/kor09/QUALITY_GATES.md
KORA	ONLY_R35L31	docs/kor/kor09/REFERENTIAL.md
KORA	ONLY_R35L31	docs/kor/kor09/assessments/A01_CERTIFICATION_ASSESSMENT.md
KORA	ONLY_R35L31	docs/kor/kor09/assessments/N1_QUESTION_BANK.md
KORA	ONLY_R35L31	docs/kor/kor09/assessments/N2_EVALUATIONS.md
KORA	ONLY_R35L31	docs/kor/kor09/assessments/RUBRIC.md
KORA	ONLY_R35L31	docs/kor/kor09/case/CASE.md
KORA	ONLY_R35L31	docs/kor/kor09/case/CASE_COMPETENCY_MATRIX.md
KORA	ONLY_R35L31	docs/kor/kor09/case/TRACEABILITY_MATRIX.md
KORA	ONLY_R35L31	docs/kor/kor09/guides/CANDIDATE_GUIDE.md
KORA	ONLY_R35L31	docs/kor/kor09/guides/CORRECTOR_GUIDE.md
KORA	ONLY_R35L31	docs/kor/kor09/guides/JURY_GUIDE.md
KORA	ONLY_R35L31	docs/kor/kor09/modules/M01_diagnostiquer-paysage-audience.md
KORA	ONLY_R35L31	docs/kor/kor09/modules/M02_segmenter-personas.md
KORA	ONLY_R35L31	docs/kor/kor09/modules/M03_acquisition-funnel.md
KORA	ONLY_R35L31	docs/kor/kor09/modules/M04_activer-nouveaux-auditeurs.md
KORA	ONLY_R35L31	docs/kor/kor09/modules/M05_animer-communautes.md
KORA	ONLY_R35L31	docs/kor/kor09/modules/M06_crm-notifications.md
KORA	ONLY_R35L31	docs/kor/kor09/modules/M07_retention-churn.md
KORA	ONLY_R35L31	docs/kor/kor09/modules/M08_campagnes-ambassadeurs.md
KORA	ONLY_R35L31	docs/kor/kor09/modules/M09_specificites-diaspora.md
KORA	ONLY_R35L31	docs/kor/kor09/modules/M10_experimenter-mesurer.md
KORA	ONLY_R35L31	docs/kor/kor09/modules/M11_synthese-et-certification.md
KORA	ONLY_R35L31	docs/kor/kor09/skills/EVIDENCE_MODEL.md
KORA	ONLY_R35L31	docs/kor/kor09/skills/SKILL_ID_REGISTRY.md
KORA	ONLY_R35L31	docs/kor/kor09/templates/TEMPLATES.md
KORA	ONLY_R35L31	docs/kor/kor10/00_BLUEPRINTS.md
KORA	ONLY_R35L31	docs/kor/kor10/CERTIFICATION_MODEL.md
KORA	ONLY_R35L31	docs/kor/kor10/INTEGRATION_ACADEMY_PACKAGE_NOTE.md
KORA	ONLY_R35L31	docs/kor/kor10/QUALITY_GATES.md
KORA	ONLY_R35L31	docs/kor/kor10/REFERENTIAL.md
KORA	ONLY_R35L31	docs/kor/kor10/assessments/A01_CERTIFICATION_ASSESSMENT.md
KORA	ONLY_R35L31	docs/kor/kor10/assessments/N1_QUESTION_BANK.md
KORA	ONLY_R35L31	docs/kor/kor10/assessments/N2_EVALUATIONS.md
KORA	ONLY_R35L31	docs/kor/kor10/assessments/RUBRIC.md
KORA	ONLY_R35L31	docs/kor/kor10/case/CASE.md
KORA	ONLY_R35L31	docs/kor/kor10/case/CASE_COMPETENCY_MATRIX.md
KORA	ONLY_R35L31	docs/kor/kor10/case/TRACEABILITY_MATRIX.md
KORA	ONLY_R35L31	docs/kor/kor10/guides/CANDIDATE_GUIDE.md
KORA	ONLY_R35L31	docs/kor/kor10/guides/CORRECTOR_GUIDE.md
KORA	ONLY_R35L31	docs/kor/kor10/guides/JURY_GUIDE.md
KORA	ONLY_R35L31	docs/kor/kor10/modules/M01_diagnostiquer-modele-economique.md
KORA	ONLY_R35L31	docs/kor/kor10/modules/M02_free-premium-abonnement.md
KORA	ONLY_R35L31	docs/kor/kor10/modules/M03_publicite-sponsoring.md
KORA	ONLY_R35L31	docs/kor/kor10/modules/M04_arpu-ltv-unit-economics.md
KORA	ONLY_R35L31	docs/kor/kor10/modules/M05_partage-valeur-createurs.md
KORA	ONLY_R35L31	docs/kor/kor10/modules/M06_royalties-modeles-calcul.md
KORA	ONLY_R35L31	docs/kor/kor10/modules/M07_couts-pricing-bundles.md
KORA	ONLY_R35L31	docs/kor/kor10/modules/M08_wallet-jcc.md
KORA	ONLY_R35L31	docs/kor/kor10/modules/M09_clarifier-cve.md
KORA	ONLY_R35L31	docs/kor/kor10/modules/M10_synthese-et-certification.md
KORA	ONLY_R35L31	docs/kor/kor10/skills/EVIDENCE_MODEL.md
KORA	ONLY_R35L31	docs/kor/kor10/skills/SKILL_ID_REGISTRY.md
KORA	ONLY_R35L31	docs/kor/kor10/templates/TEMPLATES.md
KORA	ONLY_R35L31	docs/kor/kor11/00_BLUEPRINTS.md
KORA	ONLY_R35L31	docs/kor/kor11/CERTIFICATION_MODEL.md
KORA	ONLY_R35L31	docs/kor/kor11/INTEGRATION_ACADEMY_PACKAGE_NOTE.md
KORA	ONLY_R35L31	docs/kor/kor11/QUALITY_GATES.md
KORA	ONLY_R35L31	docs/kor/kor11/REFERENTIAL.md
KORA	ONLY_R35L31	docs/kor/kor11/assessments/A01_CERTIFICATION_ASSESSMENT.md
KORA	ONLY_R35L31	docs/kor/kor11/assessments/N1_QUESTION_BANK.md
KORA	ONLY_R35L31	docs/kor/kor11/assessments/N2_EVALUATIONS.md
KORA	ONLY_R35L31	docs/kor/kor11/assessments/RUBRIC.md
KORA	ONLY_R35L31	docs/kor/kor11/case/CASE.md
KORA	ONLY_R35L31	docs/kor/kor11/case/CASE_COMPETENCY_MATRIX.md
KORA	ONLY_R35L31	docs/kor/kor11/case/TRACEABILITY_MATRIX.md
KORA	ONLY_R35L31	docs/kor/kor11/guides/CANDIDATE_GUIDE.md
KORA	ONLY_R35L31	docs/kor/kor11/guides/CORRECTOR_GUIDE.md
KORA	ONLY_R35L31	docs/kor/kor11/guides/JURY_GUIDE.md
KORA	ONLY_R35L31	docs/kor/kor11/modules/M01_fondations-politique-contenu-gouvernance-editoriale.md
KORA	ONLY_R35L31	docs/kor/kor11/modules/M02_recueillir-trier-signalements.md
KORA	ONLY_R35L31	docs/kor/kor11/modules/M03_workflow-moderation.md
KORA	ONLY_R35L31	docs/kor/kor11/modules/M04_classer-contenu-sensible-discernement-culturel.md
KORA	ONLY_R35L31	docs/kor/kor11/modules/M05_identifier-fraude-spam.md
KORA	ONLY_R35L31	docs/kor/kor11/modules/M06_traiter-usurpation-identite.md
KORA	ONLY_R35L31	docs/kor/kor11/modules/M07_articuler-signalement-droits-kor07.md
KORA	ONLY_R35L31	docs/kor/kor11/modules/M08_proteger-mineurs.md
KORA	ONLY_R35L31	docs/kor/kor11/modules/M09_traiter-signalement-harcelement.md
KORA	ONLY_R35L31	docs/kor/kor11/modules/M10_decider-sanction-recours.md
KORA	ONLY_R35L31	docs/kor/kor11/modules/M11_rapport-transparence.md
KORA	ONLY_R35L31	docs/kor/kor11/modules/M12_arbitrer-securite-culturelle-vs-moderation-automatisee.md
KORA	ONLY_R35L31	docs/kor/kor11/modules/M13_synthese-et-certification.md
KORA	ONLY_R35L31	docs/kor/kor11/skills/EVIDENCE_MODEL.md
KORA	ONLY_R35L31	docs/kor/kor11/skills/SKILL_ID_REGISTRY.md
KORA	ONLY_R35L31	docs/kor/kor11/templates/TEMPLATES.md
KORA	ONLY_R35L31	docs/kor/kor12/00_BLUEPRINTS.md
KORA	ONLY_R35L31	docs/kor/kor12/CERTIFICATION_MODEL.md
KORA	ONLY_R35L31	docs/kor/kor12/INTEGRATION_ACADEMY_PACKAGE_NOTE.md
KORA	ONLY_R35L31	docs/kor/kor12/QUALITY_GATES.md
KORA	ONLY_R35L31	docs/kor/kor12/REFERENTIAL.md
KORA	ONLY_R35L31	docs/kor/kor12/assessments/A01_CERTIFICATION_ASSESSMENT.md
KORA	ONLY_R35L31	docs/kor/kor12/assessments/N1_QUESTION_BANK.md
KORA	ONLY_R35L31	docs/kor/kor12/assessments/N2_EVALUATIONS.md
KORA	ONLY_R35L31	docs/kor/kor12/assessments/RUBRIC.md
KORA	ONLY_R35L31	docs/kor/kor12/case/CASE.md
KORA	ONLY_R35L31	docs/kor/kor12/case/CASE_COMPETENCY_MATRIX.md
KORA	ONLY_R35L31	docs/kor/kor12/case/TRACEABILITY_MATRIX.md
KORA	ONLY_R35L31	docs/kor/kor12/guides/CANDIDATE_GUIDE.md
KORA	ONLY_R35L31	docs/kor/kor12/guides/CORRECTOR_GUIDE.md
KORA	ONLY_R35L31	docs/kor/kor12/guides/JURY_GUIDE.md
KORA	ONLY_R35L31	docs/kor/kor12/modules/M01_concevoir-plan-evenements-lecture.md
KORA	ONLY_R35L31	docs/kor/kor12/modules/M02_construire-metriques-dashboards.md
KORA	ONLY_R35L31	docs/kor/kor12/modules/M03_assurer-qualite-donnees.md
KORA	ONLY_R35L31	docs/kor/kor12/modules/M04_analyser-comportement-audience.md
KORA	ONLY_R35L31	docs/kor/kor12/modules/M05_construire-cohortes.md
KORA	ONLY_R35L31	docs/kor/kor12/modules/M06_analyser-retention.md
KORA	ONLY_R35L31	docs/kor/kor12/modules/M07_detecter-tendances.md
KORA	ONLY_R35L31	docs/kor/kor12/modules/M08_evaluer-performance-contenus.md
KORA	ONLY_R35L31	docs/kor/kor12/modules/M09_comprendre-systemes-recommandation-concept.md
KORA	ONLY_R35L31	docs/kor/kor12/modules/M10_identifier-biais-donnees-recommandations.md
KORA	ONLY_R35L31	docs/kor/kor12/modules/M11_produire-intelligence-culturelle.md
KORA	ONLY_R35L31	docs/kor/kor12/modules/M12_eclairer-decision-editoriale.md
KORA	ONLY_R35L31	docs/kor/kor12/modules/M13_synthese-et-certification.md
KORA	ONLY_R35L31	docs/kor/kor12/skills/EVIDENCE_MODEL.md
KORA	ONLY_R35L31	docs/kor/kor12/skills/SKILL_ID_REGISTRY.md
KORA	ONLY_R35L31	docs/kor/kor12/templates/TEMPLATES.md
KORA	ONLY_R35L31	docs/kor/kor13/00_BLUEPRINTS.md
KORA	ONLY_R35L31	docs/kor/kor13/CERTIFICATION_MODEL.md
KORA	ONLY_R35L31	docs/kor/kor13/INTEGRATION_ACADEMY_PACKAGE_NOTE.md
KORA	ONLY_R35L31	docs/kor/kor13/QUALITY_GATES.md
KORA	ONLY_R35L31	docs/kor/kor13/REFERENTIAL.md
KORA	ONLY_R35L31	docs/kor/kor13/assessments/A01_CERTIFICATION_ASSESSMENT.md
KORA	ONLY_R35L31	docs/kor/kor13/assessments/N1_QUESTION_BANK.md
KORA	ONLY_R35L31	docs/kor/kor13/assessments/N2_EVALUATIONS.md
KORA	ONLY_R35L31	docs/kor/kor13/assessments/RUBRIC.md
KORA	ONLY_R35L31	docs/kor/kor13/case/CASE.md
KORA	ONLY_R35L31	docs/kor/kor13/case/CASE_COMPETENCY_MATRIX.md
KORA	ONLY_R35L31	docs/kor/kor13/case/TRACEABILITY_MATRIX.md
KORA	ONLY_R35L31	docs/kor/kor13/guides/CANDIDATE_GUIDE.md
KORA	ONLY_R35L31	docs/kor/kor13/guides/CORRECTOR_GUIDE.md
KORA	ONLY_R35L31	docs/kor/kor13/guides/JURY_GUIDE.md
KORA	ONLY_R35L31	docs/kor/kor13/modules/M01_cartographier-talents-catalogues.md
KORA	ONLY_R35L31	docs/kor/kor13/modules/M02_sourcer-nouveaux-createurs-partenaires.md
KORA	ONLY_R35L31	docs/kor/kor13/modules/M03_qualifier-opportunite-partenariat.md
KORA	ONLY_R35L31	docs/kor/kor13/modules/M04_construire-proposition-valeur.md
KORA	ONLY_R35L31	docs/kor/kor13/modules/M05_negocier-termes-partenariat.md
KORA	ONLY_R35L31	docs/kor/kor13/modules/M06_preparer-handoff-onboarding-kor05.md
KORA	ONLY_R35L31	docs/kor/kor13/modules/M07_conduire-acquisition-catalogue.md
KORA	ONLY_R35L31	docs/kor/kor13/modules/M08_construire-partenariat-media-institution.md
KORA	ONLY_R35L31	docs/kor/kor13/modules/M09_entretenir-relation-createur-duree.md
KORA	ONLY_R35L31	docs/kor/kor13/modules/M10_concevoir-campagne-commune.md
KORA	ONLY_R35L31	docs/kor/kor13/modules/M11_suivre-performance-partenariat.md
KORA	ONLY_R35L31	docs/kor/kor13/modules/M12_decider-renouvellement-fin-partenariat.md
KORA	ONLY_R35L31	docs/kor/kor13/modules/M13_synthese-et-certification.md
KORA	ONLY_R35L31	docs/kor/kor13/skills/EVIDENCE_MODEL.md
KORA	ONLY_R35L31	docs/kor/kor13/skills/SKILL_ID_REGISTRY.md
KORA	ONLY_R35L31	docs/kor/kor13/templates/TEMPLATES.md
KORA	ONLY_R35L31	docs/kor/kor14/00_BLUEPRINTS.md
KORA	ONLY_R35L31	docs/kor/kor14/CERTIFICATION_MODEL.md
KORA	ONLY_R35L31	docs/kor/kor14/INTEGRATION_ACADEMY_PACKAGE_NOTE.md
KORA	ONLY_R35L31	docs/kor/kor14/QUALITY_GATES.md
KORA	ONLY_R35L31	docs/kor/kor14/REFERENTIAL.md
KORA	ONLY_R35L31	docs/kor/kor14/assessments/A01_CERTIFICATION_ASSESSMENT.md
KORA	ONLY_R35L31	docs/kor/kor14/assessments/N1_QUESTION_BANK.md
KORA	ONLY_R35L31	docs/kor/kor14/assessments/N2_EVALUATIONS.md
KORA	ONLY_R35L31	docs/kor/kor14/assessments/RUBRIC.md
KORA	ONLY_R35L31	docs/kor/kor14/case/CASE.md
KORA	ONLY_R35L31	docs/kor/kor14/case/CASE_COMPETENCY_MATRIX.md
KORA	ONLY_R35L31	docs/kor/kor14/case/TRACEABILITY_MATRIX.md
KORA	ONLY_R35L31	docs/kor/kor14/guides/CANDIDATE_GUIDE.md
KORA	ONLY_R35L31	docs/kor/kor14/guides/CORRECTOR_GUIDE.md
KORA	ONLY_R35L31	docs/kor/kor14/guides/JURY_GUIDE.md
KORA	ONLY_R35L31	docs/kor/kor14/modules/M01_cartographier-parcours-utilisateur.md
KORA	ONLY_R35L31	docs/kor/kor14/modules/M02_concevoir-discovery-home-feed.md
KORA	ONLY_R35L31	docs/kor/kor14/modules/M03_concevoir-experience-recherche.md
KORA	ONLY_R35L31	docs/kor/kor14/modules/M04_concevoir-bibliotheque-personnelle.md
KORA	ONLY_R35L31	docs/kor/kor14/modules/M05_concevoir-player-queue-playlists.md
KORA	ONLY_R35L31	docs/kor/kor14/modules/M06_concevoir-placement-ux-recommandations.md
KORA	ONLY_R35L31	docs/kor/kor14/modules/M07_assurer-accessibilite.md
KORA	ONLY_R35L31	docs/kor/kor14/modules/M08_adapter-tv-mobile-web.md
KORA	ONLY_R35L31	docs/kor/kor14/modules/M09_concevoir-experience-creator-in-app.md
KORA	ONLY_R35L31	docs/kor/kor14/modules/M10_conduire-tests-utilisateurs.md
KORA	ONLY_R35L31	docs/kor/kor14/modules/M11_analyser-analytics-produit.md
KORA	ONLY_R35L31	docs/kor/kor14/modules/M12_gerer-incident-ux.md
KORA	ONLY_R35L31	docs/kor/kor14/modules/M13_piloter-amelioration-continue.md
KORA	ONLY_R35L31	docs/kor/kor14/modules/M14_synthese-et-certification.md
KORA	ONLY_R35L31	docs/kor/kor14/skills/EVIDENCE_MODEL.md
KORA	ONLY_R35L31	docs/kor/kor14/skills/SKILL_ID_REGISTRY.md
KORA	ONLY_R35L31	docs/kor/kor14/templates/TEMPLATES.md
KORA	ONLY_R35L31	docs/kor/kor15/00_BLUEPRINTS.md
KORA	ONLY_R35L31	docs/kor/kor15/CERTIFICATION_MODEL.md
KORA	ONLY_R35L31	docs/kor/kor15/INTEGRATION_ACADEMY_PACKAGE_NOTE.md
KORA	ONLY_R35L31	docs/kor/kor15/QUALITY_GATES.md
KORA	ONLY_R35L31	docs/kor/kor15/REFERENTIAL.md
KORA	ONLY_R35L31	docs/kor/kor15/assessments/A01_CERTIFICATION_ASSESSMENT.md
KORA	ONLY_R35L31	docs/kor/kor15/assessments/N1_QUESTION_BANK.md
KORA	ONLY_R35L31	docs/kor/kor15/assessments/N2_EVALUATIONS.md
KORA	ONLY_R35L31	docs/kor/kor15/assessments/RUBRIC.md
KORA	ONLY_R35L31	docs/kor/kor15/case/CASE.md
KORA	ONLY_R35L31	docs/kor/kor15/case/CASE_COMPETENCY_MATRIX.md
KORA	ONLY_R35L31	docs/kor/kor15/case/TRACEABILITY_MATRIX.md
KORA	ONLY_R35L31	docs/kor/kor15/guides/CANDIDATE_GUIDE.md
KORA	ONLY_R35L31	docs/kor/kor15/guides/CORRECTOR_GUIDE.md
KORA	ONLY_R35L31	docs/kor/kor15/guides/JURY_GUIDE.md
KORA	ONLY_R35L31	docs/kor/kor15/modules/M01_concevoir-strategie-territoriale-globale.md
KORA	ONLY_R35L31	docs/kor/kor15/modules/M02_analyser-marche-territorial.md
KORA	ONLY_R35L31	docs/kor/kor15/modules/M03_localiser-langues-contenus.md
KORA	ONLY_R35L31	docs/kor/kor15/modules/M04_adapter-culturellement-offre.md
KORA	ONLY_R35L31	docs/kor/kor15/modules/M05_articuler-droits-territoriaux-kor07.md
KORA	ONLY_R35L31	docs/kor/kor15/modules/M06_construire-partenariats-locaux.md
KORA	ONLY_R35L31	docs/kor/kor15/modules/M07_construire-partenariat-institution.md
KORA	ONLY_R35L31	docs/kor/kor15/modules/M08_construire-partenariat-telco-media.md
KORA	ONLY_R35L31	docs/kor/kor15/modules/M09_concevoir-mecanisme-distribution.md
KORA	ONLY_R35L31	docs/kor/kor15/modules/M10_piloter-deploiement-marche.md
KORA	ONLY_R35L31	docs/kor/kor15/modules/M11_piloter-coordination-internationale-multi-territoire.md
KORA	ONLY_R35L31	docs/kor/kor15/modules/M12_synthese-et-certification.md
KORA	ONLY_R35L31	docs/kor/kor15/skills/EVIDENCE_MODEL.md
KORA	ONLY_R35L31	docs/kor/kor15/skills/SKILL_ID_REGISTRY.md
KORA	ONLY_R35L31	docs/kor/kor15/templates/TEMPLATES.md
KORA	ONLY_R35L31	docs/kor_op/KOR_OP_FRAMING_NOTES.md
KORA	ONLY_R35L31	docs/kor_op/KOR_X_BRIDGE_INDEX.md
KORA	ONLY_R35L31	docs/kor_op/QUALITY_GATES.md
KORA	ONLY_R35L31	docs/kor_op/README.md
KORA	ONLY_R35L31	docs/kor_op/kor_op12/ASSESSMENT_AND_RUBRIC.md
KORA	ONLY_R35L31	docs/kor_op/kor_op12/BANQUE_N1.md
KORA	ONLY_R35L31	docs/kor_op/kor_op12/BANQUE_N2.md
KORA	ONLY_R35L31	docs/kor_op/kor_op12/EVIDENCE_MODEL.md
KORA	ONLY_R35L31	docs/kor_op/kor_op12/GUIDE_CANDIDAT.md
KORA	ONLY_R35L31	docs/kor_op/kor_op12/GUIDE_CORRECTEUR.md
KORA	ONLY_R35L31	docs/kor_op/kor_op12/GUIDE_JURY.md
KORA	ONLY_R35L31	docs/kor_op/kor_op12/INTEGRATION_NOTE.md
KORA	ONLY_R35L31	docs/kor_op/kor_op12/REFERENTIAL.md
KORA	ONLY_R35L31	docs/kora_master_package/ACADEMY_INTEGRATION_MAP.md
KORA	ONLY_R35L31	docs/kora_master_package/CASE_UNIVERSE_MAP.md
KORA	ONLY_R35L31	docs/kora_master_package/CERTIFICATION_ARCHITECTURE.md
KORA	ONLY_R35L31	docs/kora_master_package/CHANGELOG.md
KORA	ONLY_R35L31	docs/kora_master_package/CROSS_KOR_COMPETENCY_MAP.md
KORA	ONLY_R35L31	docs/kora_master_package/CVLN_BOUNDARY_MAP.md
KORA	ONLY_R35L31	docs/kora_master_package/EXTERNAL_VALIDATION_REGISTER.md
KORA	ONLY_R35L31	docs/kora_master_package/FIELD_VALIDATION_REGISTER.md
KORA	ONLY_R35L31	docs/kora_master_package/MANIFEST.md
KORA	ONLY_R35L31	docs/kora_master_package/MASTER_ASSESSMENT_ARCHITECTURE.md
KORA	ONLY_R35L31	docs/kora_master_package/MASTER_EVIDENCE_MODEL.md
KORA	ONLY_R35L31	docs/kora_master_package/MASTER_INDEX.md
KORA	ONLY_R35L31	docs/kora_master_package/MASTER_SKILL_REGISTRY.md
KORA	ONLY_R35L31	docs/kora_master_package/PORTFOLIO_MAP.md
KORA	ONLY_R35L31	docs/kora_master_package/PRODUCT_DEPENDENCY_MAP.md
KORA	ONLY_R35L31	docs/kora_master_package/PROFESSIONAL_PATHWAY_MAP.md
KORA	ONLY_R35L31	docs/kora_master_package/QUALITY_GATES.md
KORA	ONLY_R35L31	docs/kora_master_package/README.md
TESTS	ONLY_R35L31	backend/services/native_attestation_verifier.py
TESTS	ONLY_R35L31	backend/tests/test_accounting_advanced.py
TESTS	ONLY_R35L31	backend/tests/test_accounting_core.py
TESTS	ONLY_R35L31	backend/tests/test_accounting_mappings.py
TESTS	ONLY_R35L31	backend/tests/test_accounting_period_close.py
TESTS	ONLY_R35L31	backend/tests/test_accounting_protocols.py
TESTS	ONLY_R35L31	backend/tests/test_accounting_workspace.py
TESTS	ONLY_R35L31	backend/tests/test_activation_events.py
TESTS	ONLY_R35L31	backend/tests/test_assurance_core.py
TESTS	ONLY_R35L31	backend/tests/test_cartography_2d_runtime.py
TESTS	ONLY_R35L31	backend/tests/test_certification_eligibility.py
TESTS	ONLY_R35L31	backend/tests/test_commerce_catalog.py
TESTS	ONLY_R35L31	backend/tests/test_continuation_engine.py
TESTS	ONLY_R35L31	backend/tests/test_convergence_next_action.py
TESTS	ONLY_R35L31	backend/tests/test_critical_proof.py
TESTS	ONLY_R35L31	backend/tests/test_data_classification.py
TESTS	ONLY_R35L31	backend/tests/test_data_governance.py
TESTS	ONLY_R35L31	backend/tests/test_ecosystem_builder.py
TESTS	ONLY_R35L31	backend/tests/test_ecosystem_handoffs.py
TESTS	ONLY_R35L31	backend/tests/test_evidence_graph.py
TESTS	ONLY_R35L31	backend/tests/test_expert_access.py
TESTS	ONLY_R35L31	backend/tests/test_external_expert_actions.py
TESTS	ONLY_R35L31	backend/tests/test_external_expert_validations.py
TESTS	ONLY_R35L31	backend/tests/test_fms_import_zip_bomb.py
TESTS	ONLY_R35L31	backend/tests/test_fms_spec_rubric_import.py
TESTS	ONLY_R35L31	backend/tests/test_frk_rubric_import.py
TESTS	ONLY_R35L31	backend/tests/test_governance_advanced.py
TESTS	ONLY_R35L31	backend/tests/test_governance_protocols.py
TESTS	ONLY_R35L31	backend/tests/test_governance_review.py
TESTS	ONLY_R35L31	backend/tests/test_invitations_rbac.py
TESTS	ONLY_R35L31	backend/tests/test_klt_rubric_import.py
TESTS	ONLY_R35L31	backend/tests/test_kor_rubric_import.py
TESTS	ONLY_R35L31	backend/tests/test_legal_clauses.py
TESTS	ONLY_R35L31	backend/tests/test_legal_deadlines.py
TESTS	ONLY_R35L31	backend/tests/test_legal_documents.py
TESTS	ONLY_R35L31	backend/tests/test_legal_evidence.py
TESTS	ONLY_R35L31	backend/tests/test_legal_expert_ops.py
TESTS	ONLY_R35L31	backend/tests/test_legal_ops.py
TESTS	ONLY_R35L31	backend/tests/test_legal_protocols.py
TESTS	ONLY_R35L31	backend/tests/test_legal_risks.py
TESTS	ONLY_R35L31	backend/tests/test_legal_workspace.py
TESTS	ONLY_R35L31	backend/tests/test_license_entitlement.py
TESTS	ONLY_R35L31	backend/tests/test_master_importers.py
TESTS	ONLY_R35L31	backend/tests/test_missions_reward_idempotency.py
TESTS	ONLY_R35L31	backend/tests/test_native_attestation_verifier.py
TESTS	ONLY_R35L31	backend/tests/test_notifications_delivery.py
TESTS	ONLY_R35L31	backend/tests/test_payments.py
TESTS	ONLY_R35L31	backend/tests/test_physical_hybrid_assessment.py
TESTS	ONLY_R35L31	backend/tests/test_physical_sessions.py
TESTS	ONLY_R35L31	backend/tests/test_policy_registry.py
TESTS	ONLY_R35L31	backend/tests/test_privacy_advanced.py
TESTS	ONLY_R35L31	backend/tests/test_privacy_compliance.py
TESTS	ONLY_R35L31	backend/tests/test_privacy_ops.py
TESTS	ONLY_R35L31	backend/tests/test_privacy_protocols.py
TESTS	ONLY_R35L31	backend/tests/test_production_gates.py
TESTS	ONLY_R35L31	backend/tests/test_professional_governance.py
TESTS	ONLY_R35L31	backend/tests/test_professional_profile.py
TESTS	ONLY_R35L31	backend/tests/test_progressive_horizon.py
TESTS	ONLY_R35L31	backend/tests/test_proof_bridge.py
TESTS	ONLY_R35L31	backend/tests/test_protocol_execution.py
TESTS	ONLY_R35L31	backend/tests/test_protocol_master_runtime.py
TESTS	ONLY_R35L31	backend/tests/test_public_learning_access_control.py
TESTS	ONLY_R35L31	backend/tests/test_quality_advanced.py
TESTS	ONLY_R35L31	backend/tests/test_quality_core.py
TESTS	ONLY_R35L31	backend/tests/test_quality_protocols.py
TESTS	ONLY_R35L31	backend/tests/test_quiz_reward_idempotency.py
TESTS	ONLY_R35L31	backend/tests/test_rail2_kor01_e2e.py
TESTS	ONLY_R35L31	backend/tests/test_regulatory_applicability.py
TESTS	ONLY_R35L31	backend/tests/test_remediation_dispatch.py
TESTS	ONLY_R35L31	backend/tests/test_retention_executor.py
TESTS	ONLY_R35L31	backend/tests/test_retention_executor_runtime.py
TESTS	ONLY_R35L31	backend/tests/test_risk_advanced.py
TESTS	ONLY_R35L31	backend/tests/test_risk_escalation.py
TESTS	ONLY_R35L31	backend/tests/test_risk_ops.py
TESTS	ONLY_R35L31	backend/tests/test_secret_scanner.py
TESTS	ONLY_R35L31	backend/tests/test_security_remediation.py
TESTS	ONLY_R35L31	backend/tests/test_security_verification.py
TESTS	ONLY_R35L31	backend/tests/test_server_startup_and_cors.py
TESTS	ONLY_R35L31	backend/tests/test_threat_model.py
TESTS	ONLY_R35L31	backend/tests/test_trust_signature.py
TESTS	ONLY_R35L31	frontend/e2e/badges.spec.js
TESTS	ONLY_R35L31	frontend/e2e/canonical-learner-resources.spec.js
TESTS	ONLY_R35L31	frontend/e2e/ecosystem-builder.spec.js
TESTS	ONLY_R35L31	frontend/e2e/environmental-continuity.spec.js
TESTS	ONLY_R35L31	frontend/e2e/expert-workspace.spec.js
TESTS	ONLY_R35L31	frontend/e2e/professional-workspace.spec.js
TESTS	ONLY_R35L31	frontend/e2e/pwa-offline.spec.js
TESTS	ONLY_R35L31	frontend/e2e/scroll-restoration.spec.js
TESTS	ONLY_R35L31	frontend/src/lib/canonicalDisplay.test.js
TESTS	ONLY_R35L31	frontend/src/lib/canonicalFrkDisplay.test.js
TESTS	ONLY_R35L31	frontend/src/lib/canonicalKltDisplay.test.js
TESTS	ONLY_R35L31	frontend/src/lib/pedagogicalGraph.test.js
TESTS	ONLY_R35L31	frontend/src/lib/railPositionRestoration.test.js
TESTS	ONLY_R35L31	frontend/src/lib/scrollRestoration.test.js
WALLET	ONLY_R35L31	backend/tests/test_wallet_and_badges_atomicity.py
WALLET	ONLY_R35L31	docs/cvln_academy_master/20_EXTERNAL/WALLET_CVE_RECONCILIATION.md
WALLET	ONLY_R35L31	docs/wal/CERTIFICATION_MODEL.md
WALLET	ONLY_R35L31	docs/wal/EXTEND_EXISTING_NOTE.md
WALLET	ONLY_R35L31	docs/wal/NEEDS_EXPERT_REVIEW.md
WALLET	ONLY_R35L31	docs/wal/QUALITY_GATES.md
WALLET	ONLY_R35L31	docs/wal/README.md
WALLET	ONLY_R35L31	docs/wal/WAL_CANONICAL_EDUCATION_MAP.md
WALLET	ONLY_R35L31	docs/wal/WAL_X_BRIDGE_NOTE.md
WALLET	ONLY_R35L31	docs/wal/external/wal_general/REFERENTIAL.md
WALLET	ONLY_R35L31	docs/wal/wal19/ASSESSMENT_AND_RUBRIC.md
WALLET	ONLY_R35L31	docs/wal/wal19/BANQUE_N1.md
WALLET	ONLY_R35L31	docs/wal/wal19/BANQUE_N2.md
WALLET	ONLY_R35L31	docs/wal/wal19/EVIDENCE_MODEL.md
WALLET	ONLY_R35L31	docs/wal/wal19/GUIDE_CANDIDAT.md
WALLET	ONLY_R35L31	docs/wal/wal19/GUIDE_CORRECTEUR.md
WALLET	ONLY_R35L31	docs/wal/wal19/GUIDE_JURY.md
WALLET	ONLY_R35L31	docs/wal/wal19/INTEGRATION_NOTE.md
WALLET	ONLY_R35L31	docs/wal/wal19/REFERENTIAL.md
WALLET	ONLY_R35L31	docs/wal/wal20/ASSESSMENT_AND_RUBRIC.md
WALLET	ONLY_R35L31	docs/wal/wal20/BANQUE_N1.md
WALLET	ONLY_R35L31	docs/wal/wal20/BANQUE_N2.md
WALLET	ONLY_R35L31	docs/wal/wal20/EVIDENCE_MODEL.md
WALLET	ONLY_R35L31	docs/wal/wal20/GUIDE_CANDIDAT.md
WALLET	ONLY_R35L31	docs/wal/wal20/GUIDE_CORRECTEUR.md
WALLET	ONLY_R35L31	docs/wal/wal20/GUIDE_JURY.md
WALLET	ONLY_R35L31	docs/wal/wal20/INTEGRATION_NOTE.md
WALLET	ONLY_R35L31	docs/wal/wal20/REFERENTIAL.md
WALLET	ONLY_R35L31	docs/wal/wal21/ASSESSMENT_AND_RUBRIC.md
WALLET	ONLY_R35L31	docs/wal/wal21/BANQUE_N1.md
WALLET	ONLY_R35L31	docs/wal/wal21/BANQUE_N2.md
WALLET	ONLY_R35L31	docs/wal/wal21/EVIDENCE_MODEL.md
WALLET	ONLY_R35L31	docs/wal/wal21/GUIDE_CANDIDAT.md
WALLET	ONLY_R35L31	docs/wal/wal21/GUIDE_CORRECTEUR.md
WALLET	ONLY_R35L31	docs/wal/wal21/GUIDE_JURY.md
WALLET	ONLY_R35L31	docs/wal/wal21/INTEGRATION_NOTE.md
WALLET	ONLY_R35L31	docs/wal/wal21/REFERENTIAL.md
WALLET	ONLY_R35L31	docs/wal/wal22/ASSESSMENT_AND_RUBRIC.md
WALLET	ONLY_R35L31	docs/wal/wal22/BANQUE_N1.md
WALLET	ONLY_R35L31	docs/wal/wal22/BANQUE_N2.md
WALLET	ONLY_R35L31	docs/wal/wal22/EVIDENCE_MODEL.md
WALLET	ONLY_R35L31	docs/wal/wal22/GUIDE_CANDIDAT.md
WALLET	ONLY_R35L31	docs/wal/wal22/GUIDE_CORRECTEUR.md
WALLET	ONLY_R35L31	docs/wal/wal22/GUIDE_JURY.md
WALLET	ONLY_R35L31	docs/wal/wal22/INTEGRATION_NOTE.md
WALLET	ONLY_R35L31	docs/wal/wal22/REFERENTIAL.md
WALLET	ONLY_R35L31	docs/wal/wal23/ASSESSMENT_AND_RUBRIC.md
WALLET	ONLY_R35L31	docs/wal/wal23/BANQUE_N1.md
WALLET	ONLY_R35L31	docs/wal/wal23/BANQUE_N2.md
WALLET	ONLY_R35L31	docs/wal/wal23/EVIDENCE_MODEL.md
WALLET	ONLY_R35L31	docs/wal/wal23/GUIDE_CANDIDAT.md
WALLET	ONLY_R35L31	docs/wal/wal23/GUIDE_CORRECTEUR.md
WALLET	ONLY_R35L31	docs/wal/wal23/GUIDE_JURY.md
WALLET	ONLY_R35L31	docs/wal/wal23/INTEGRATION_NOTE.md
WALLET	ONLY_R35L31	docs/wal/wal23/REFERENTIAL.md
WALLET	ONLY_R35L31	docs/wal/wal24/ASSESSMENT_AND_RUBRIC.md
WALLET	ONLY_R35L31	docs/wal/wal24/BANQUE_N1.md
WALLET	ONLY_R35L31	docs/wal/wal24/BANQUE_N2.md
WALLET	ONLY_R35L31	docs/wal/wal24/EVIDENCE_MODEL.md
WALLET	ONLY_R35L31	docs/wal/wal24/GUIDE_CANDIDAT.md
WALLET	ONLY_R35L31	docs/wal/wal24/GUIDE_CORRECTEUR.md
WALLET	ONLY_R35L31	docs/wal/wal24/GUIDE_JURY.md
WALLET	ONLY_R35L31	docs/wal/wal24/INTEGRATION_NOTE.md
WALLET	ONLY_R35L31	docs/wal/wal24/REFERENTIAL.md
WALLET	ONLY_R35L31	docs/wal/wal25/ASSESSMENT_AND_RUBRIC.md
WALLET	ONLY_R35L31	docs/wal/wal25/BANQUE_N1.md
WALLET	ONLY_R35L31	docs/wal/wal25/BANQUE_N2.md
WALLET	ONLY_R35L31	docs/wal/wal25/EVIDENCE_MODEL.md
WALLET	ONLY_R35L31	docs/wal/wal25/GUIDE_CANDIDAT.md
WALLET	ONLY_R35L31	docs/wal/wal25/GUIDE_CORRECTEUR.md
WALLET	ONLY_R35L31	docs/wal/wal25/GUIDE_JURY.md
WALLET	ONLY_R35L31	docs/wal/wal25/INTEGRATION_NOTE.md
WALLET	ONLY_R35L31	docs/wal/wal25/REFERENTIAL.md
WALLET	ONLY_R35L31	docs/wal/wal26/ASSESSMENT_AND_RUBRIC.md
WALLET	ONLY_R35L31	docs/wal/wal26/BANQUE_N1.md
WALLET	ONLY_R35L31	docs/wal/wal26/BANQUE_N2.md
WALLET	ONLY_R35L31	docs/wal/wal26/EVIDENCE_MODEL.md
WALLET	ONLY_R35L31	docs/wal/wal26/GUIDE_CANDIDAT.md
WALLET	ONLY_R35L31	docs/wal/wal26/GUIDE_CORRECTEUR.md
WALLET	ONLY_R35L31	docs/wal/wal26/GUIDE_JURY.md
WALLET	ONLY_R35L31	docs/wal/wal26/INTEGRATION_NOTE.md
WALLET	ONLY_R35L31	docs/wal/wal26/REFERENTIAL.md
WALLET	ONLY_R35L31	docs/wal/wal27/ASSESSMENT_AND_RUBRIC.md
WALLET	ONLY_R35L31	docs/wal/wal27/BANQUE_N1.md
WALLET	ONLY_R35L31	docs/wal/wal27/BANQUE_N2.md
WALLET	ONLY_R35L31	docs/wal/wal27/EVIDENCE_MODEL.md
WALLET	ONLY_R35L31	docs/wal/wal27/GUIDE_CANDIDAT.md
WALLET	ONLY_R35L31	docs/wal/wal27/GUIDE_CORRECTEUR.md
WALLET	ONLY_R35L31	docs/wal/wal27/GUIDE_JURY.md
WALLET	ONLY_R35L31	docs/wal/wal27/INTEGRATION_NOTE.md
WALLET	ONLY_R35L31	docs/wal/wal27/REFERENTIAL.md
WALLET	ONLY_R35L31	docs/wal/wal28/ASSESSMENT_AND_RUBRIC.md
WALLET	ONLY_R35L31	docs/wal/wal28/BANQUE_N1.md
WALLET	ONLY_R35L31	docs/wal/wal28/BANQUE_N2.md
WALLET	ONLY_R35L31	docs/wal/wal28/EVIDENCE_MODEL.md
WALLET	ONLY_R35L31	docs/wal/wal28/GUIDE_CANDIDAT.md
WALLET	ONLY_R35L31	docs/wal/wal28/GUIDE_CORRECTEUR.md
WALLET	ONLY_R35L31	docs/wal/wal28/GUIDE_JURY.md
WALLET	ONLY_R35L31	docs/wal/wal28/INTEGRATION_NOTE.md
WALLET	ONLY_R35L31	docs/wal/wal28/REFERENTIAL.md
FRONTEND_SPATIAL	ONLY_R35L31	docs/ACADEMY_ACA0012_ONBOARDING_SPATIALIZATION_REPORT.md
FRONTEND_SPATIAL	ONLY_R35L31	docs/ACADEMY_RAIL3_SPATIAL_PEDAGOGICAL_WIRING_REPORT.md
FRONTEND_SPATIAL	ONLY_R35L31	frontend/e2e/spatial-closure.spec.js
FRONTEND_SPATIAL	ONLY_R35L31	frontend/src/components/SpatialHub.jsx
FRONTEND_SPATIAL	ONLY_R35L31	frontend/src/lib/spatial/cameraFollow.js
FRONTEND_SPATIAL	ONLY_R35L31	frontend/src/lib/spatial/cameraFollow.test.js
FRONTEND_SPATIAL	ONLY_R35L31	frontend/src/lib/spatial/mountGuard.js
FRONTEND_SPATIAL	ONLY_R35L31	frontend/src/lib/spatial/mountGuard.test.js
AGF	ONLY_R35L31	docs/agf/AGF_CANONICAL_EDUCATION_MAP.md
AGF	ONLY_R35L31	docs/agf/BLOCKED_CANDIDATES.md
AGF	ONLY_R35L31	docs/agf/CERTIFICATION_MODEL.md
AGF	ONLY_R35L31	docs/agf/EXTEND_EXISTING_NOTE.md
AGF	ONLY_R35L31	docs/agf/QUALITY_GATES.md
AGF	ONLY_R35L31	docs/agf/README.md
AGF	ONLY_R35L31	docs/agf/external/af01_03/ASSESSMENT_AND_RUBRIC.md
AGF	ONLY_R35L31	docs/agf/external/af01_03/BANQUE_N1.md
AGF	ONLY_R35L31	docs/agf/external/af01_03/BANQUE_N2.md
AGF	ONLY_R35L31	docs/agf/external/af01_03/EVIDENCE_MODEL.md
AGF	ONLY_R35L31	docs/agf/external/af01_03/GUIDE_CANDIDAT.md
AGF	ONLY_R35L31	docs/agf/external/af01_03/GUIDE_CORRECTEUR.md
AGF	ONLY_R35L31	docs/agf/external/af01_03/GUIDE_JURY.md
AGF	ONLY_R35L31	docs/agf/external/af01_03/INTEGRATION_NOTE.md
AGF	ONLY_R35L31	docs/agf/external/af01_03/REFERENTIAL.md
AGF	ONLY_R35L31	docs/agf/external/af04_15/ASSESSMENT_AND_RUBRIC.md
AGF	ONLY_R35L31	docs/agf/external/af04_15/BANQUE_N1.md
AGF	ONLY_R35L31	docs/agf/external/af04_15/BANQUE_N2.md
AGF	ONLY_R35L31	docs/agf/external/af04_15/EVIDENCE_MODEL.md
AGF	ONLY_R35L31	docs/agf/external/af04_15/GUIDE_CANDIDAT.md
AGF	ONLY_R35L31	docs/agf/external/af04_15/GUIDE_CORRECTEUR.md
AGF	ONLY_R35L31	docs/agf/external/af04_15/GUIDE_JURY.md
AGF	ONLY_R35L31	docs/agf/external/af04_15/INTEGRATION_NOTE.md
AGF	ONLY_R35L31	docs/agf/external/af04_15/REFERENTIAL.md
AGF	ONLY_R35L31	docs/agf/external/brn01_14/ASSESSMENT_AND_RUBRIC.md
AGF	ONLY_R35L31	docs/agf/external/brn01_14/BANQUE_N1.md
AGF	ONLY_R35L31	docs/agf/external/brn01_14/BANQUE_N2.md
AGF	ONLY_R35L31	docs/agf/external/brn01_14/EVIDENCE_MODEL.md
AGF	ONLY_R35L31	docs/agf/external/brn01_14/GUIDE_CANDIDAT.md
AGF	ONLY_R35L31	docs/agf/external/brn01_14/GUIDE_CORRECTEUR.md
AGF	ONLY_R35L31	docs/agf/external/brn01_14/GUIDE_JURY.md
AGF	ONLY_R35L31	docs/agf/external/brn01_14/INTEGRATION_NOTE.md
AGF	ONLY_R35L31	docs/agf/external/brn01_14/REFERENTIAL.md
AGF	ONLY_R35L31	docs/agf/external/cmd01_14/ASSESSMENT_AND_RUBRIC.md
AGF	ONLY_R35L31	docs/agf/external/cmd01_14/BANQUE_N1.md
AGF	ONLY_R35L31	docs/agf/external/cmd01_14/BANQUE_N2.md
AGF	ONLY_R35L31	docs/agf/external/cmd01_14/EVIDENCE_MODEL.md
AGF	ONLY_R35L31	docs/agf/external/cmd01_14/GUIDE_CANDIDAT.md
AGF	ONLY_R35L31	docs/agf/external/cmd01_14/GUIDE_CORRECTEUR.md
AGF	ONLY_R35L31	docs/agf/external/cmd01_14/GUIDE_JURY.md
AGF	ONLY_R35L31	docs/agf/external/cmd01_14/INTEGRATION_NOTE.md
AGF	ONLY_R35L31	docs/agf/external/cmd01_14/REFERENTIAL.md
AGF	ONLY_R35L31	docs/agf/external/lau01_10/ASSESSMENT_AND_RUBRIC.md
AGF	ONLY_R35L31	docs/agf/external/lau01_10/BANQUE_N1.md
AGF	ONLY_R35L31	docs/agf/external/lau01_10/BANQUE_N2.md
AGF	ONLY_R35L31	docs/agf/external/lau01_10/EVIDENCE_MODEL.md
AGF	ONLY_R35L31	docs/agf/external/lau01_10/GUIDE_CANDIDAT.md
AGF	ONLY_R35L31	docs/agf/external/lau01_10/GUIDE_CORRECTEUR.md
AGF	ONLY_R35L31	docs/agf/external/lau01_10/GUIDE_JURY.md
AGF	ONLY_R35L31	docs/agf/external/lau01_10/INTEGRATION_NOTE.md
AGF	ONLY_R35L31	docs/agf/external/lau01_10/REFERENTIAL.md
AGF	ONLY_R35L31	docs/agf/internal/af16/ASSESSMENT_AND_RUBRIC.md
AGF	ONLY_R35L31	docs/agf/internal/af16/BANQUE_N1.md
AGF	ONLY_R35L31	docs/agf/internal/af16/BANQUE_N2.md
AGF	ONLY_R35L31	docs/agf/internal/af16/EVIDENCE_MODEL.md
AGF	ONLY_R35L31	docs/agf/internal/af16/GUIDE_CANDIDAT.md
AGF	ONLY_R35L31	docs/agf/internal/af16/GUIDE_CORRECTEUR.md
AGF	ONLY_R35L31	docs/agf/internal/af16/GUIDE_JURY.md
AGF	ONLY_R35L31	docs/agf/internal/af16/INTEGRATION_NOTE.md
AGF	ONLY_R35L31	docs/agf/internal/af16/REFERENTIAL.md
AGF	ONLY_R35L31	docs/agf/internal/af17/ASSESSMENT_AND_RUBRIC.md
AGF	ONLY_R35L31	docs/agf/internal/af17/BANQUE_N1.md
AGF	ONLY_R35L31	docs/agf/internal/af17/BANQUE_N2.md
AGF	ONLY_R35L31	docs/agf/internal/af17/EVIDENCE_MODEL.md
AGF	ONLY_R35L31	docs/agf/internal/af17/GUIDE_CANDIDAT.md
AGF	ONLY_R35L31	docs/agf/internal/af17/GUIDE_CORRECTEUR.md
AGF	ONLY_R35L31	docs/agf/internal/af17/GUIDE_JURY.md
AGF	ONLY_R35L31	docs/agf/internal/af17/INTEGRATION_NOTE.md
AGF	ONLY_R35L31	docs/agf/internal/af17/REFERENTIAL.md
AGF	ONLY_R35L31	docs/agf/internal/afx03/ASSESSMENT_AND_RUBRIC.md
AGF	ONLY_R35L31	docs/agf/internal/afx03/BANQUE_N1.md
AGF	ONLY_R35L31	docs/agf/internal/afx03/BANQUE_N2.md
AGF	ONLY_R35L31	docs/agf/internal/afx03/EVIDENCE_MODEL.md
AGF	ONLY_R35L31	docs/agf/internal/afx03/GUIDE_CANDIDAT.md
AGF	ONLY_R35L31	docs/agf/internal/afx03/GUIDE_CORRECTEUR.md
AGF	ONLY_R35L31	docs/agf/internal/afx03/GUIDE_JURY.md
AGF	ONLY_R35L31	docs/agf/internal/afx03/INTEGRATION_NOTE.md
AGF	ONLY_R35L31	docs/agf/internal/afx03/REFERENTIAL.md
AGF	ONLY_R35L31	docs/agf/internal/brn15/ASSESSMENT_AND_RUBRIC.md
AGF	ONLY_R35L31	docs/agf/internal/brn15/BANQUE_N1.md
AGF	ONLY_R35L31	docs/agf/internal/brn15/BANQUE_N2.md
AGF	ONLY_R35L31	docs/agf/internal/brn15/EVIDENCE_MODEL.md
AGF	ONLY_R35L31	docs/agf/internal/brn15/GUIDE_CANDIDAT.md
AGF	ONLY_R35L31	docs/agf/internal/brn15/GUIDE_CORRECTEUR.md
AGF	ONLY_R35L31	docs/agf/internal/brn15/GUIDE_JURY.md
AGF	ONLY_R35L31	docs/agf/internal/brn15/INTEGRATION_NOTE.md
AGF	ONLY_R35L31	docs/agf/internal/brn15/REFERENTIAL.md
AGF	ONLY_R35L31	docs/agf/internal/cmd15/ASSESSMENT_AND_RUBRIC.md
AGF	ONLY_R35L31	docs/agf/internal/cmd15/BANQUE_N1.md
AGF	ONLY_R35L31	docs/agf/internal/cmd15/BANQUE_N2.md
AGF	ONLY_R35L31	docs/agf/internal/cmd15/EVIDENCE_MODEL.md
AGF	ONLY_R35L31	docs/agf/internal/cmd15/GUIDE_CANDIDAT.md
AGF	ONLY_R35L31	docs/agf/internal/cmd15/GUIDE_CORRECTEUR.md
AGF	ONLY_R35L31	docs/agf/internal/cmd15/GUIDE_JURY.md
AGF	ONLY_R35L31	docs/agf/internal/cmd15/INTEGRATION_NOTE.md
AGF	ONLY_R35L31	docs/agf/internal/cmd15/REFERENTIAL.md
AGF	ONLY_R35L31	docs/agf/internal/ios07/ASSESSMENT_AND_RUBRIC.md
AGF	ONLY_R35L31	docs/agf/internal/ios07/BANQUE_N1.md
AGF	ONLY_R35L31	docs/agf/internal/ios07/BANQUE_N2.md
AGF	ONLY_R35L31	docs/agf/internal/ios07/EVIDENCE_MODEL.md
AGF	ONLY_R35L31	docs/agf/internal/ios07/GUIDE_CANDIDAT.md
AGF	ONLY_R35L31	docs/agf/internal/ios07/GUIDE_CORRECTEUR.md
AGF	ONLY_R35L31	docs/agf/internal/ios07/GUIDE_JURY.md
AGF	ONLY_R35L31	docs/agf/internal/ios07/INTEGRATION_NOTE.md
AGF	ONLY_R35L31	docs/agf/internal/ios07/REFERENTIAL.md
CVE	ONLY_R35L31	docs/cve/CERTIFICATION_MODEL.md
CVE	ONLY_R35L31	docs/cve/CVE_CANONICAL_EDUCATION_MAP.md
CVE	ONLY_R35L31	docs/cve/QUALITY_GATES.md
CVE	ONLY_R35L31	docs/cve/README.md
CVE	ONLY_R35L31	docs/cve/cve01/ASSESSMENT_AND_RUBRIC.md
CVE	ONLY_R35L31	docs/cve/cve01/BANQUE_N1.md
CVE	ONLY_R35L31	docs/cve/cve01/BANQUE_N2.md
CVE	ONLY_R35L31	docs/cve/cve01/EVIDENCE_MODEL.md
CVE	ONLY_R35L31	docs/cve/cve01/GUIDE_CANDIDAT.md
CVE	ONLY_R35L31	docs/cve/cve01/GUIDE_CORRECTEUR.md
CVE	ONLY_R35L31	docs/cve/cve01/GUIDE_JURY.md
CVE	ONLY_R35L31	docs/cve/cve01/INTEGRATION_NOTE.md
CVE	ONLY_R35L31	docs/cve/cve01/REFERENTIAL.md
CVE	ONLY_R35L31	docs/cve/cve02/ASSESSMENT_AND_RUBRIC.md
CVE	ONLY_R35L31	docs/cve/cve02/BANQUE_N1.md
CVE	ONLY_R35L31	docs/cve/cve02/BANQUE_N2.md
CVE	ONLY_R35L31	docs/cve/cve02/EVIDENCE_MODEL.md
CVE	ONLY_R35L31	docs/cve/cve02/GUIDE_CANDIDAT.md
CVE	ONLY_R35L31	docs/cve/cve02/GUIDE_CORRECTEUR.md
CVE	ONLY_R35L31	docs/cve/cve02/GUIDE_JURY.md
CVE	ONLY_R35L31	docs/cve/cve02/INTEGRATION_NOTE.md
CVE	ONLY_R35L31	docs/cve/cve02/REFERENTIAL.md
CVE	ONLY_R35L31	docs/cve/cve03/ASSESSMENT_AND_RUBRIC.md
CVE	ONLY_R35L31	docs/cve/cve03/BANQUE_N1.md
CVE	ONLY_R35L31	docs/cve/cve03/BANQUE_N2.md
CVE	ONLY_R35L31	docs/cve/cve03/EVIDENCE_MODEL.md
CVE	ONLY_R35L31	docs/cve/cve03/GUIDE_CANDIDAT.md
CVE	ONLY_R35L31	docs/cve/cve03/GUIDE_CORRECTEUR.md
CVE	ONLY_R35L31	docs/cve/cve03/GUIDE_JURY.md
CVE	ONLY_R35L31	docs/cve/cve03/INTEGRATION_NOTE.md
CVE	ONLY_R35L31	docs/cve/cve03/REFERENTIAL.md
CVE	ONLY_R35L31	docs/cve/cve04/ASSESSMENT_AND_RUBRIC.md
CVE	ONLY_R35L31	docs/cve/cve04/BANQUE_N1.md
CVE	ONLY_R35L31	docs/cve/cve04/BANQUE_N2.md
CVE	ONLY_R35L31	docs/cve/cve04/EVIDENCE_MODEL.md
CVE	ONLY_R35L31	docs/cve/cve04/GUIDE_CANDIDAT.md
CVE	ONLY_R35L31	docs/cve/cve04/GUIDE_CORRECTEUR.md
CVE	ONLY_R35L31	docs/cve/cve04/GUIDE_JURY.md
CVE	ONLY_R35L31	docs/cve/cve04/INTEGRATION_NOTE.md
CVE	ONLY_R35L31	docs/cve/cve04/REFERENTIAL.md
CVE	ONLY_R35L31	docs/cve/cve05/ASSESSMENT_AND_RUBRIC.md
CVE	ONLY_R35L31	docs/cve/cve05/BANQUE_N1.md
CVE	ONLY_R35L31	docs/cve/cve05/BANQUE_N2.md
CVE	ONLY_R35L31	docs/cve/cve05/EVIDENCE_MODEL.md
CVE	ONLY_R35L31	docs/cve/cve05/GUIDE_CANDIDAT.md
CVE	ONLY_R35L31	docs/cve/cve05/GUIDE_CORRECTEUR.md
CVE	ONLY_R35L31	docs/cve/cve05/GUIDE_JURY.md
CVE	ONLY_R35L31	docs/cve/cve05/INTEGRATION_NOTE.md
CVE	ONLY_R35L31	docs/cve/cve05/REFERENTIAL.md
CVE	ONLY_R35L31	docs/cve/cve06/ASSESSMENT_AND_RUBRIC.md
CVE	ONLY_R35L31	docs/cve/cve06/BANQUE_N1.md
CVE	ONLY_R35L31	docs/cve/cve06/BANQUE_N2.md
CVE	ONLY_R35L31	docs/cve/cve06/EVIDENCE_MODEL.md
CVE	ONLY_R35L31	docs/cve/cve06/GUIDE_CANDIDAT.md
CVE	ONLY_R35L31	docs/cve/cve06/GUIDE_CORRECTEUR.md
CVE	ONLY_R35L31	docs/cve/cve06/GUIDE_JURY.md
CVE	ONLY_R35L31	docs/cve/cve06/INTEGRATION_NOTE.md
CVE	ONLY_R35L31	docs/cve/cve06/REFERENTIAL.md
CVE	ONLY_R35L31	docs/cve/cve07/ASSESSMENT_AND_RUBRIC.md
CVE	ONLY_R35L31	docs/cve/cve07/BANQUE_N1.md
CVE	ONLY_R35L31	docs/cve/cve07/BANQUE_N2.md
CVE	ONLY_R35L31	docs/cve/cve07/EVIDENCE_MODEL.md
CVE	ONLY_R35L31	docs/cve/cve07/GUIDE_CANDIDAT.md
CVE	ONLY_R35L31	docs/cve/cve07/GUIDE_CORRECTEUR.md
CVE	ONLY_R35L31	docs/cve/cve07/GUIDE_JURY.md
CVE	ONLY_R35L31	docs/cve/cve07/INTEGRATION_NOTE.md
CVE	ONLY_R35L31	docs/cve/cve07/REFERENTIAL.md
CVE	ONLY_R35L31	docs/cve/cve08/ASSESSMENT_AND_RUBRIC.md
CVE	ONLY_R35L31	docs/cve/cve08/BANQUE_N1.md
CVE	ONLY_R35L31	docs/cve/cve08/BANQUE_N2.md
CVE	ONLY_R35L31	docs/cve/cve08/EVIDENCE_MODEL.md
CVE	ONLY_R35L31	docs/cve/cve08/GUIDE_CANDIDAT.md
CVE	ONLY_R35L31	docs/cve/cve08/GUIDE_CORRECTEUR.md
CVE	ONLY_R35L31	docs/cve/cve08/GUIDE_JURY.md
CVE	ONLY_R35L31	docs/cve/cve08/INTEGRATION_NOTE.md
CVE	ONLY_R35L31	docs/cve/cve08/REFERENTIAL.md
CVE	ONLY_R35L31	docs/cve/cve09/ASSESSMENT_AND_RUBRIC.md
CVE	ONLY_R35L31	docs/cve/cve09/BANQUE_N1.md
CVE	ONLY_R35L31	docs/cve/cve09/BANQUE_N2.md
CVE	ONLY_R35L31	docs/cve/cve09/EVIDENCE_MODEL.md
CVE	ONLY_R35L31	docs/cve/cve09/GUIDE_CANDIDAT.md
CVE	ONLY_R35L31	docs/cve/cve09/GUIDE_CORRECTEUR.md
CVE	ONLY_R35L31	docs/cve/cve09/GUIDE_JURY.md
CVE	ONLY_R35L31	docs/cve/cve09/INTEGRATION_NOTE.md
CVE	ONLY_R35L31	docs/cve/cve09/REFERENTIAL.md
CVE	ONLY_R35L31	docs/cve/cve10/ASSESSMENT_AND_RUBRIC.md
CVE	ONLY_R35L31	docs/cve/cve10/BANQUE_N1.md
CVE	ONLY_R35L31	docs/cve/cve10/BANQUE_N2.md
CVE	ONLY_R35L31	docs/cve/cve10/EVIDENCE_MODEL.md
CVE	ONLY_R35L31	docs/cve/cve10/GUIDE_CANDIDAT.md
CVE	ONLY_R35L31	docs/cve/cve10/GUIDE_CORRECTEUR.md
CVE	ONLY_R35L31	docs/cve/cve10/GUIDE_JURY.md
CVE	ONLY_R35L31	docs/cve/cve10/INTEGRATION_NOTE.md
CVE	ONLY_R35L31	docs/cve/cve10/REFERENTIAL.md
CVE	ONLY_R35L31	docs/cve/cve11/ASSESSMENT_AND_RUBRIC.md
CVE	ONLY_R35L31	docs/cve/cve11/BANQUE_N1.md
CVE	ONLY_R35L31	docs/cve/cve11/BANQUE_N2.md
CVE	ONLY_R35L31	docs/cve/cve11/EVIDENCE_MODEL.md
CVE	ONLY_R35L31	docs/cve/cve11/GUIDE_CANDIDAT.md
CVE	ONLY_R35L31	docs/cve/cve11/GUIDE_CORRECTEUR.md
CVE	ONLY_R35L31	docs/cve/cve11/GUIDE_JURY.md
CVE	ONLY_R35L31	docs/cve/cve11/INTEGRATION_NOTE.md
CVE	ONLY_R35L31	docs/cve/cve11/REFERENTIAL.md
CVE	ONLY_R35L31	docs/cve/cve12/ASSESSMENT_AND_RUBRIC.md
CVE	ONLY_R35L31	docs/cve/cve12/BANQUE_N1.md
CVE	ONLY_R35L31	docs/cve/cve12/BANQUE_N2.md
CVE	ONLY_R35L31	docs/cve/cve12/EVIDENCE_MODEL.md
CVE	ONLY_R35L31	docs/cve/cve12/GUIDE_CANDIDAT.md
CVE	ONLY_R35L31	docs/cve/cve12/GUIDE_CORRECTEUR.md
CVE	ONLY_R35L31	docs/cve/cve12/GUIDE_JURY.md
CVE	ONLY_R35L31	docs/cve/cve12/INTEGRATION_NOTE.md
CVE	ONLY_R35L31	docs/cve/cve12/REFERENTIAL.md
CVE	ONLY_R35L31	docs/cve/cve13/ASSESSMENT_AND_RUBRIC.md
CVE	ONLY_R35L31	docs/cve/cve13/BANQUE_N1.md
CVE	ONLY_R35L31	docs/cve/cve13/BANQUE_N2.md
CVE	ONLY_R35L31	docs/cve/cve13/EVIDENCE_MODEL.md
CVE	ONLY_R35L31	docs/cve/cve13/GUIDE_CANDIDAT.md
CVE	ONLY_R35L31	docs/cve/cve13/GUIDE_CORRECTEUR.md
CVE	ONLY_R35L31	docs/cve/cve13/GUIDE_JURY.md
CVE	ONLY_R35L31	docs/cve/cve13/INTEGRATION_NOTE.md
CVE	ONLY_R35L31	docs/cve/cve13/REFERENTIAL.md
CVE	ONLY_R35L31	docs/cve/cve14/ASSESSMENT_AND_RUBRIC.md
CVE	ONLY_R35L31	docs/cve/cve14/BANQUE_N1.md
CVE	ONLY_R35L31	docs/cve/cve14/BANQUE_N2.md
CVE	ONLY_R35L31	docs/cve/cve14/EVIDENCE_MODEL.md
CVE	ONLY_R35L31	docs/cve/cve14/GUIDE_CANDIDAT.md
CVE	ONLY_R35L31	docs/cve/cve14/GUIDE_CORRECTEUR.md
CVE	ONLY_R35L31	docs/cve/cve14/GUIDE_JURY.md
CVE	ONLY_R35L31	docs/cve/cve14/INTEGRATION_NOTE.md
CVE	ONLY_R35L31	docs/cve/cve14/REFERENTIAL.md
CVE	ONLY_R35L31	docs/cve/cve15/ASSESSMENT_AND_RUBRIC.md
CVE	ONLY_R35L31	docs/cve/cve15/BANQUE_N1.md
CVE	ONLY_R35L31	docs/cve/cve15/BANQUE_N2.md
CVE	ONLY_R35L31	docs/cve/cve15/EVIDENCE_MODEL.md
CVE	ONLY_R35L31	docs/cve/cve15/GUIDE_CANDIDAT.md
CVE	ONLY_R35L31	docs/cve/cve15/GUIDE_CORRECTEUR.md
CVE	ONLY_R35L31	docs/cve/cve15/GUIDE_JURY.md
CVE	ONLY_R35L31	docs/cve/cve15/INTEGRATION_NOTE.md
CVE	ONLY_R35L31	docs/cve/cve15/REFERENTIAL.md
MASTER_PACKAGES	ONLY_R35L31	docs/cvln_academy_master/00_GOVERNANCE/ACCESS_LEVELS.md
MASTER_PACKAGES	ONLY_R35L31	docs/cvln_academy_master/00_GOVERNANCE/AUTHORIZATION_MODEL.md
MASTER_PACKAGES	ONLY_R35L31	docs/cvln_academy_master/00_GOVERNANCE/BUILD_METHOD.md
MASTER_PACKAGES	ONLY_R35L31	docs/cvln_academy_master/00_GOVERNANCE/QUALITY_GATES.md
MASTER_PACKAGES	ONLY_R35L31	docs/cvln_academy_master/00_GOVERNANCE/TAXONOMY.md
MASTER_PACKAGES	ONLY_R35L31	docs/cvln_academy_master/00_GOVERNANCE/UPGRADE_PRINCIPLE.md
MASTER_PACKAGES	ONLY_R35L31	docs/cvln_academy_master/100_ECONOMY/ECONOMIC_MODEL.md
MASTER_PACKAGES	ONLY_R35L31	docs/cvln_academy_master/10_PORTFOLIO/CONTEXT_MATRIX.md
MASTER_PACKAGES	ONLY_R35L31	docs/cvln_academy_master/10_PORTFOLIO/MASTER_INDEX.md
MASTER_PACKAGES	ONLY_R35L31	docs/cvln_academy_master/10_PORTFOLIO/PORTFOLIO_MAP.md
MASTER_PACKAGES	ONLY_R35L31	docs/cvln_academy_master/10_PORTFOLIO/RECONCILIATION_MATRIX.md
MASTER_PACKAGES	ONLY_R35L31	docs/cvln_academy_master/20_EXTERNAL/AGENT_FACTORY_IOS_BRAIN_CMD_LAURENTIA_RECONCILIATION.md
MASTER_PACKAGES	ONLY_R35L31	docs/cvln_academy_master/20_EXTERNAL/CYBERSECURE_BLOCKCHAIN_GALA_HOSPITALITY_LABELOS_RECONCILIATION.md
MASTER_PACKAGES	ONLY_R35L31	docs/cvln_academy_master/20_EXTERNAL/EXTERNAL_DOMAINS_INDEX.md
MASTER_PACKAGES	ONLY_R35L31	docs/cvln_academy_master/20_EXTERNAL/FMS_07_18_RECONCILIATION.md
MASTER_PACKAGES	ONLY_R35L31	docs/cvln_academy_master/20_EXTERNAL/FREK_01_75_RECONCILIATION.md
MASTER_PACKAGES	ONLY_R35L31	docs/cvln_academy_master/20_EXTERNAL/GOOD_MOOD_DJ_SAYD_RECONCILIATION.md
MASTER_PACKAGES	ONLY_R35L31	docs/cvln_academy_master/30_INTERNAL/FOUNDER_CEO_GROUP_FONDATION_RECONCILIATION.md
MASTER_PACKAGES	ONLY_R35L31	docs/cvln_academy_master/30_INTERNAL/INTERNAL_DOMAINS_INDEX.md
MASTER_PACKAGES	ONLY_R35L31	docs/cvln_academy_master/30_INTERNAL/KLT_09_20_RECONCILIATION.md
MASTER_PACKAGES	ONLY_R35L31	docs/cvln_academy_master/40_OPERATOR_ROLES/ROLE_REGISTRY.md
MASTER_PACKAGES	ONLY_R35L31	docs/cvln_academy_master/50_AUTHORIZATIONS/AUTHORIZATION_REGISTRY.md
MASTER_PACKAGES	ONLY_R35L31	docs/cvln_academy_master/60_CROSS_ECOSYSTEM/CROSS_ECOSYSTEM_MAP.md
MASTER_PACKAGES	ONLY_R35L31	docs/cvln_academy_master/60_CROSS_ECOSYSTEM/XCV_TRANSVERSAL_RECONCILIATION.md
MASTER_PACKAGES	ONLY_R35L31	docs/cvln_academy_master/70_EVIDENCE/EVIDENCE_ARCHITECTURE.md
MASTER_PACKAGES	ONLY_R35L31	docs/cvln_academy_master/80_MISSIONS/MISSIONS_PIPELINES.md
MASTER_PACKAGES	ONLY_R35L31	docs/cvln_academy_master/90_SPATIAL/SPATIAL_RELATIONSHIP_MAP.md
MASTER_PACKAGES	ONLY_R35L31	docs/cvln_academy_master/95_GAPS/GAP_REGISTER.md
MASTER_PACKAGES	ONLY_R35L31	docs/cvln_academy_master/95_GAPS/REPO_REGISTRY.md
MASTER_PACKAGES	ONLY_R35L31	docs/cvln_academy_master/95_GAPS/REPO_TRUTH_AUDIT.md
MASTER_PACKAGES	ONLY_R35L31	docs/cvln_academy_master/99_REPORTS/BILAN_CVLN_ACADEMY.md
MASTER_PACKAGES	ONLY_R35L31	docs/cvln_academy_master/99_REPORTS/CHANGELOG.md
MASTER_PACKAGES	ONLY_R35L31	docs/cvln_academy_master/99_REPORTS/MANIFEST.md
MASTER_PACKAGES	ONLY_R35L31	docs/cvln_academy_master/99_REPORTS/W0_AUDIT_REPORT.md
MASTER_PACKAGES	ONLY_R35L31	docs/cvln_academy_master/99_REPORTS/W6_GLOBAL_STATUS.md
GMD	ONLY_R35L31	docs/gmd/BLOCKED_CANDIDATES.md
GMD	ONLY_R35L31	docs/gmd/CERTIFICATION_MODEL.md
GMD	ONLY_R35L31	docs/gmd/GMD_CANONICAL_EDUCATION_MAP.md
GMD	ONLY_R35L31	docs/gmd/GMD_X_BRIDGE_NOTE.md
GMD	ONLY_R35L31	docs/gmd/QUALITY_GATES.md
GMD	ONLY_R35L31	docs/gmd/README.md
GMD	ONLY_R35L31	docs/gmd/external/gmd01_20/REFERENTIAL.md
GMD	ONLY_R35L31	docs/gmd/external/gmd01_20/gmd05/ASSESSMENT_AND_RUBRIC.md
GMD	ONLY_R35L31	docs/gmd/external/gmd01_20/gmd05/BANQUE_N1.md
GMD	ONLY_R35L31	docs/gmd/external/gmd01_20/gmd05/BANQUE_N2.md
GMD	ONLY_R35L31	docs/gmd/external/gmd01_20/gmd05/EVIDENCE_MODEL.md
GMD	ONLY_R35L31	docs/gmd/external/gmd01_20/gmd05/GUIDE_CANDIDAT.md
GMD	ONLY_R35L31	docs/gmd/external/gmd01_20/gmd05/GUIDE_CORRECTEUR.md
GMD	ONLY_R35L31	docs/gmd/external/gmd01_20/gmd05/GUIDE_JURY.md
GMD	ONLY_R35L31	docs/gmd/external/gmd01_20/gmd05/INTEGRATION_NOTE.md
GMD	ONLY_R35L31	docs/gmd/external/gmd01_20/gmd05/REFERENTIAL.md
GMD	ONLY_R35L31	docs/gmd/external/gmd01_20/gmd14/ASSESSMENT_AND_RUBRIC.md
GMD	ONLY_R35L31	docs/gmd/external/gmd01_20/gmd14/BANQUE_N1.md
GMD	ONLY_R35L31	docs/gmd/external/gmd01_20/gmd14/BANQUE_N2.md
GMD	ONLY_R35L31	docs/gmd/external/gmd01_20/gmd14/EVIDENCE_MODEL.md
GMD	ONLY_R35L31	docs/gmd/external/gmd01_20/gmd14/GUIDE_CANDIDAT.md
GMD	ONLY_R35L31	docs/gmd/external/gmd01_20/gmd14/GUIDE_CORRECTEUR.md
GMD	ONLY_R35L31	docs/gmd/external/gmd01_20/gmd14/GUIDE_JURY.md
GMD	ONLY_R35L31	docs/gmd/external/gmd01_20/gmd14/INTEGRATION_NOTE.md
GMD	ONLY_R35L31	docs/gmd/external/gmd01_20/gmd14/REFERENTIAL.md
GMD	ONLY_R35L31	docs/gmd/external/gmd01_20/gmd15/ASSESSMENT_AND_RUBRIC.md
GMD	ONLY_R35L31	docs/gmd/external/gmd01_20/gmd15/BANQUE_N1.md
GMD	ONLY_R35L31	docs/gmd/external/gmd01_20/gmd15/BANQUE_N2.md
GMD	ONLY_R35L31	docs/gmd/external/gmd01_20/gmd15/EVIDENCE_MODEL.md
GMD	ONLY_R35L31	docs/gmd/external/gmd01_20/gmd15/GUIDE_CANDIDAT.md
GMD	ONLY_R35L31	docs/gmd/external/gmd01_20/gmd15/GUIDE_CORRECTEUR.md
GMD	ONLY_R35L31	docs/gmd/external/gmd01_20/gmd15/GUIDE_JURY.md
GMD	ONLY_R35L31	docs/gmd/external/gmd01_20/gmd15/INTEGRATION_NOTE.md
GMD	ONLY_R35L31	docs/gmd/external/gmd01_20/gmd15/REFERENTIAL.md
GMD	ONLY_R35L31	docs/gmd/gmd21/ASSESSMENT_AND_RUBRIC.md
GMD	ONLY_R35L31	docs/gmd/gmd21/BANQUE_N1.md
GMD	ONLY_R35L31	docs/gmd/gmd21/BANQUE_N2.md
GMD	ONLY_R35L31	docs/gmd/gmd21/EVIDENCE_MODEL.md
GMD	ONLY_R35L31	docs/gmd/gmd21/GUIDE_CANDIDAT.md
GMD	ONLY_R35L31	docs/gmd/gmd21/GUIDE_CORRECTEUR.md
GMD	ONLY_R35L31	docs/gmd/gmd21/GUIDE_JURY.md
GMD	ONLY_R35L31	docs/gmd/gmd21/INTEGRATION_NOTE.md
GMD	ONLY_R35L31	docs/gmd/gmd21/REFERENTIAL.md
GMD	ONLY_R35L31	docs/gmd/gmd22/ASSESSMENT_AND_RUBRIC.md
GMD	ONLY_R35L31	docs/gmd/gmd22/BANQUE_N1.md
GMD	ONLY_R35L31	docs/gmd/gmd22/BANQUE_N2.md
GMD	ONLY_R35L31	docs/gmd/gmd22/EVIDENCE_MODEL.md
GMD	ONLY_R35L31	docs/gmd/gmd22/GUIDE_CANDIDAT.md
GMD	ONLY_R35L31	docs/gmd/gmd22/GUIDE_CORRECTEUR.md
GMD	ONLY_R35L31	docs/gmd/gmd22/GUIDE_JURY.md
GMD	ONLY_R35L31	docs/gmd/gmd22/INTEGRATION_NOTE.md
GMD	ONLY_R35L31	docs/gmd/gmd22/REFERENTIAL.md
GMD	ONLY_R35L31	docs/gmd/gmd23/ASSESSMENT_AND_RUBRIC.md
GMD	ONLY_R35L31	docs/gmd/gmd23/BANQUE_N1.md
GMD	ONLY_R35L31	docs/gmd/gmd23/BANQUE_N2.md
GMD	ONLY_R35L31	docs/gmd/gmd23/EVIDENCE_MODEL.md
GMD	ONLY_R35L31	docs/gmd/gmd23/GUIDE_CANDIDAT.md
GMD	ONLY_R35L31	docs/gmd/gmd23/GUIDE_CORRECTEUR.md
GMD	ONLY_R35L31	docs/gmd/gmd23/GUIDE_JURY.md
GMD	ONLY_R35L31	docs/gmd/gmd23/INTEGRATION_NOTE.md
GMD	ONLY_R35L31	docs/gmd/gmd23/REFERENTIAL.md
GMD	ONLY_R35L31	docs/gmd/gmd24/ASSESSMENT_AND_RUBRIC.md
GMD	ONLY_R35L31	docs/gmd/gmd24/BANQUE_N1.md
GMD	ONLY_R35L31	docs/gmd/gmd24/BANQUE_N2.md
GMD	ONLY_R35L31	docs/gmd/gmd24/EVIDENCE_MODEL.md
GMD	ONLY_R35L31	docs/gmd/gmd24/GUIDE_CANDIDAT.md
GMD	ONLY_R35L31	docs/gmd/gmd24/GUIDE_CORRECTEUR.md
GMD	ONLY_R35L31	docs/gmd/gmd24/GUIDE_JURY.md
GMD	ONLY_R35L31	docs/gmd/gmd24/INTEGRATION_NOTE.md
GMD	ONLY_R35L31	docs/gmd/gmd24/REFERENTIAL.md
GMD	ONLY_R35L31	docs/gmd/gmd25/ASSESSMENT_AND_RUBRIC.md
GMD	ONLY_R35L31	docs/gmd/gmd25/BANQUE_N1.md
GMD	ONLY_R35L31	docs/gmd/gmd25/BANQUE_N2.md
GMD	ONLY_R35L31	docs/gmd/gmd25/EVIDENCE_MODEL.md
GMD	ONLY_R35L31	docs/gmd/gmd25/GUIDE_CANDIDAT.md
GMD	ONLY_R35L31	docs/gmd/gmd25/GUIDE_CORRECTEUR.md
GMD	ONLY_R35L31	docs/gmd/gmd25/GUIDE_JURY.md
GMD	ONLY_R35L31	docs/gmd/gmd25/INTEGRATION_NOTE.md
GMD	ONLY_R35L31	docs/gmd/gmd25/REFERENTIAL.md
GMD	ONLY_R35L31	docs/gmd/gmd26/ASSESSMENT_AND_RUBRIC.md
GMD	ONLY_R35L31	docs/gmd/gmd26/BANQUE_N1.md
GMD	ONLY_R35L31	docs/gmd/gmd26/BANQUE_N2.md
GMD	ONLY_R35L31	docs/gmd/gmd26/EVIDENCE_MODEL.md
GMD	ONLY_R35L31	docs/gmd/gmd26/GUIDE_CANDIDAT.md
GMD	ONLY_R35L31	docs/gmd/gmd26/GUIDE_CORRECTEUR.md
GMD	ONLY_R35L31	docs/gmd/gmd26/GUIDE_JURY.md
GMD	ONLY_R35L31	docs/gmd/gmd26/INTEGRATION_NOTE.md
GMD	ONLY_R35L31	docs/gmd/gmd26/REFERENTIAL.md
GMD	ONLY_R35L31	docs/gmd/gmd27/ASSESSMENT_AND_RUBRIC.md
GMD	ONLY_R35L31	docs/gmd/gmd27/BANQUE_N1.md
GMD	ONLY_R35L31	docs/gmd/gmd27/BANQUE_N2.md
GMD	ONLY_R35L31	docs/gmd/gmd27/EVIDENCE_MODEL.md
GMD	ONLY_R35L31	docs/gmd/gmd27/GUIDE_CANDIDAT.md
GMD	ONLY_R35L31	docs/gmd/gmd27/GUIDE_CORRECTEUR.md
GMD	ONLY_R35L31	docs/gmd/gmd27/GUIDE_JURY.md
GMD	ONLY_R35L31	docs/gmd/gmd27/INTEGRATION_NOTE.md
GMD	ONLY_R35L31	docs/gmd/gmd27/REFERENTIAL.md
GMD	ONLY_R35L31	docs/gmd/gmd28/ASSESSMENT_AND_RUBRIC.md
GMD	ONLY_R35L31	docs/gmd/gmd28/BANQUE_N1.md
GMD	ONLY_R35L31	docs/gmd/gmd28/BANQUE_N2.md
GMD	ONLY_R35L31	docs/gmd/gmd28/EVIDENCE_MODEL.md
GMD	ONLY_R35L31	docs/gmd/gmd28/GUIDE_CANDIDAT.md
GMD	ONLY_R35L31	docs/gmd/gmd28/GUIDE_CORRECTEUR.md
GMD	ONLY_R35L31	docs/gmd/gmd28/GUIDE_JURY.md
GMD	ONLY_R35L31	docs/gmd/gmd28/INTEGRATION_NOTE.md
GMD	ONLY_R35L31	docs/gmd/gmd28/REFERENTIAL.md
GMD	ONLY_R35L31	docs/gmd/gmd29/ASSESSMENT_AND_RUBRIC.md
GMD	ONLY_R35L31	docs/gmd/gmd29/BANQUE_N1.md
GMD	ONLY_R35L31	docs/gmd/gmd29/BANQUE_N2.md
GMD	ONLY_R35L31	docs/gmd/gmd29/EVIDENCE_MODEL.md
GMD	ONLY_R35L31	docs/gmd/gmd29/GUIDE_CANDIDAT.md
GMD	ONLY_R35L31	docs/gmd/gmd29/GUIDE_CORRECTEUR.md
GMD	ONLY_R35L31	docs/gmd/gmd29/GUIDE_JURY.md
GMD	ONLY_R35L31	docs/gmd/gmd29/INTEGRATION_NOTE.md
GMD	ONLY_R35L31	docs/gmd/gmd29/REFERENTIAL.md
GMD	ONLY_R35L31	docs/gmd/gmd30/ASSESSMENT_AND_RUBRIC.md
GMD	ONLY_R35L31	docs/gmd/gmd30/BANQUE_N1.md
GMD	ONLY_R35L31	docs/gmd/gmd30/BANQUE_N2.md
GMD	ONLY_R35L31	docs/gmd/gmd30/EVIDENCE_MODEL.md
GMD	ONLY_R35L31	docs/gmd/gmd30/GUIDE_CANDIDAT.md
GMD	ONLY_R35L31	docs/gmd/gmd30/GUIDE_CORRECTEUR.md
GMD	ONLY_R35L31	docs/gmd/gmd30/GUIDE_JURY.md
GMD	ONLY_R35L31	docs/gmd/gmd30/INTEGRATION_NOTE.md
GMD	ONLY_R35L31	docs/gmd/gmd30/REFERENTIAL.md
GMD	ONLY_R35L31	docs/gmd/gmd31/ASSESSMENT_AND_RUBRIC.md
GMD	ONLY_R35L31	docs/gmd/gmd31/BANQUE_N1.md
GMD	ONLY_R35L31	docs/gmd/gmd31/BANQUE_N2.md
GMD	ONLY_R35L31	docs/gmd/gmd31/EVIDENCE_MODEL.md
GMD	ONLY_R35L31	docs/gmd/gmd31/GUIDE_CANDIDAT.md
GMD	ONLY_R35L31	docs/gmd/gmd31/GUIDE_CORRECTEUR.md
GMD	ONLY_R35L31	docs/gmd/gmd31/GUIDE_JURY.md
GMD	ONLY_R35L31	docs/gmd/gmd31/INTEGRATION_NOTE.md
GMD	ONLY_R35L31	docs/gmd/gmd31/REFERENTIAL.md
GMD	ONLY_R35L31	docs/gmd/gmd32/ASSESSMENT_AND_RUBRIC.md
GMD	ONLY_R35L31	docs/gmd/gmd32/BANQUE_N1.md
GMD	ONLY_R35L31	docs/gmd/gmd32/BANQUE_N2.md
GMD	ONLY_R35L31	docs/gmd/gmd32/EVIDENCE_MODEL.md
GMD	ONLY_R35L31	docs/gmd/gmd32/GUIDE_CANDIDAT.md
GMD	ONLY_R35L31	docs/gmd/gmd32/GUIDE_CORRECTEUR.md
GMD	ONLY_R35L31	docs/gmd/gmd32/GUIDE_JURY.md
GMD	ONLY_R35L31	docs/gmd/gmd32/INTEGRATION_NOTE.md
GMD	ONLY_R35L31	docs/gmd/gmd32/REFERENTIAL.md
GMD	ONLY_R35L31	docs/gmd/gmd33/ASSESSMENT_AND_RUBRIC.md
GMD	ONLY_R35L31	docs/gmd/gmd33/BANQUE_N1.md
GMD	ONLY_R35L31	docs/gmd/gmd33/BANQUE_N2.md
GMD	ONLY_R35L31	docs/gmd/gmd33/EVIDENCE_MODEL.md
GMD	ONLY_R35L31	docs/gmd/gmd33/GUIDE_CANDIDAT.md
GMD	ONLY_R35L31	docs/gmd/gmd33/GUIDE_CORRECTEUR.md
GMD	ONLY_R35L31	docs/gmd/gmd33/GUIDE_JURY.md
GMD	ONLY_R35L31	docs/gmd/gmd33/INTEGRATION_NOTE.md
GMD	ONLY_R35L31	docs/gmd/gmd33/REFERENTIAL.md
GMD	ONLY_R35L31	docs/gmd/gmd34/GAP.md
MOBILE	ONLY_R35L31	frontend/e2e/mobile-nav.spec.js
